normalTime ,criticalTime ,miscTime ,totTime  ,borderSize
         0 ,    0.512536 ,       0 ,0.512536 ,  48.6274
         0 ,    0.575746 ,       0 ,0.575746 ,  69.2132
         0 ,    0.195167 ,       0 ,0.195167 ,  45.3137
         0 ,    0.194553 ,       0 ,0.194553 ,  43.2132
         0 ,    0.33956  ,       0 ,0.33956  ,  63.799
         0 ,    0.122727 ,       0 ,0.122727 ,  35.7279
         0 ,    0.355511 ,       0 ,0.355511 ,  65.3553
         0 ,    0.827558 ,       0 ,0.827558 ,  85.8701
         0 ,    1.02845  ,       0 ,1.02845  ,  76.669
         0 ,    0.278915 ,       0 ,0.278915 ,  49.1127
         0 ,    0.187988 ,       0 ,0.187988 ,  58.3848
         0 ,    0.124066 ,       0 ,0.124066 ,  41.1421
         0 ,    0.254553 ,       0 ,0.254553 ,  68.1838
         0 ,    0.407607 ,       0 ,0.407607 ,  69.2132
         0 ,    0.385201 ,       0 ,0.385201 ,  73.598
         0 ,    0.487489 ,       0 ,0.487489 ,  63.5269
         0 ,    0.121404 ,       0 ,0.121404 ,  33.9706
         0 ,    0.418948 ,       0 ,0.418948 ,  59.9411
         0 ,    0.140486 ,       0 ,0.140486 ,  55.799
         0 ,    0.094199 ,       0 ,0.094199 ,  29.8995
         0 ,    0.885289 ,       0 ,0.885289 ,  80.1838
         0 ,    0.147087 ,       0 ,0.147087 ,  39.9706
         0 ,    0.438483 ,       0 ,0.438483 ,  58.8701
         0 ,    0.296646 ,       0 ,0.296646 ,  74.0122
         0 ,    0.214972 ,       0 ,0.214972 ,  65.4264
         0 ,    0.483878 ,       0 ,0.483878 ,  67.8406
         0 ,    0.237455 ,       0 ,0.237455 ,  65.6985
         0 ,    0.101369 ,       0 ,0.101369 ,  31.1421
         0 ,    0.154777 ,       0 ,0.154777 ,  68.2548
         0 ,    0.148864 ,       0 ,0.148864 ,  46.3137
         0 ,    1.72657  ,       0 ,1.72657  ,  96.1543
         0 ,    0.130939 ,       0 ,0.130939 ,  53.0711
         0 ,    0.08122  ,       0 ,0.08122  ,   4.24264
         0 ,    0.964509 ,       0 ,0.964509 ,  94.0833
         0 ,    0.140809 ,       0 ,0.140809 ,  48.0416
         0 ,    2.05071  ,       0 ,2.05071  ,  89.2548
         0 ,    0.429146 ,       0 ,0.429146 ,  84.3848
         0 ,    0.100206 ,       0 ,0.100206 ,  37.1421
         0 ,    0.118365 ,       0 ,0.118365 ,  47.3137
         0 ,    0.134785 ,       0 ,0.134785 ,  49.2132
         0 ,    0.161206 ,       0 ,0.161206 ,  54.799
         0 ,    0.562039 ,       0 ,0.562039 ,  63.799
         0 ,    0.385041 ,       0 ,0.385041 ,  56.4558
         0 ,    2.02191  ,       0 ,2.02191  , 106.426
         0 ,    0.144706 ,       0 ,0.144706 ,  47.799
         0 ,    0.24694  ,       0 ,0.24694  ,  47.4558
         0 ,    0.419634 ,       0 ,0.419634 ,  82.6985
         0 ,    0.145055 ,       0 ,0.145055 ,  44.9706
         0 ,    0.288462 ,       0 ,0.288462 ,  62.6985
         0 ,    0.180152 ,       0 ,0.180152 ,  40.799
         0 ,    0.267028 ,       0 ,0.267028 ,  77.4975
         0 ,    0.156668 ,       0 ,0.156668 ,  48.799
         0 ,    0.736527 ,       0 ,0.736527 ,  69.5269
         0 ,    0.143328 ,       0 ,0.143328 ,  39.3848
         0 ,    1.99285  ,       0 ,1.99285  ,  83.8406
         0 ,    0.898962 ,       0 ,0.898962 ,  60.8701
         0 ,    0.116976 ,       0 ,0.116976 ,  41.3137
         0 ,    0.787118 ,       0 ,0.787118 ,  81.3553
         0 ,    0.383565 ,       0 ,0.383565 ,  52.6274
         0 ,    0.09996  ,       0 ,0.09996  ,  29.8995
         0 ,    0.898803 ,       0 ,0.898803 ,  90.669
         0 ,    0.236798 ,       0 ,0.236798 ,  53.5563
         0 ,    0.335956 ,       0 ,0.335956 ,  55.1127
         0 ,    0.660708 ,       0 ,0.660708 ,  61.1127
         0 ,    0.131305 ,       0 ,0.131305 ,  42.9706
         0 ,    0.122866 ,       0 ,0.122866 ,  45.5563
         0 ,    0.426421 ,       0 ,0.426421 ,  80.669
         0 ,    0.11758  ,       0 ,0.11758  ,  39.3848
         0 ,    0.123188 ,       0 ,0.123188 ,  48.1421
         0 ,    0.14047  ,       0 ,0.14047  ,  51.3848
         0 ,    0.162851 ,       0 ,0.162851 ,  42.799
         0 ,    4.35399  ,       0 ,4.35399  , 117.983
         0 ,    0.23597  ,       0 ,0.23597  ,  69.0122
         0 ,    0.381677 ,       0 ,0.381677 ,  51.0416
         0 ,    0.343285 ,       0 ,0.343285 ,  72.2843
         0 ,    0.187299 ,       0 ,0.187299 ,  77.4975
         0 ,    1.71823  ,       0 ,1.71823  ,  87.3553
         0 ,    1.26501  ,       0 ,1.26501  ,  83.0122
         0 ,    0.48085  ,       0 ,0.48085  ,  74.9411
         0 ,    0.099951 ,       0 ,0.099951 ,  44.2843
         0 ,    0.327499 ,       0 ,0.327499 ,  61.799
         0 ,    0.11211  ,       0 ,0.11211  ,  27.3137
         0 ,    0.115401 ,       0 ,0.115401 ,  23.8995
         0 ,    2.01713  ,       0 ,2.01713  ,  91.7401
         0 ,    0.138617 ,       0 ,0.138617 ,  38.5563
         0 ,    0.303892 ,       0 ,0.303892 ,  59.1127
         0 ,    0.112981 ,       0 ,0.112981 ,  50.3848
         0 ,    1.47736  ,       0 ,1.47736  ,  83.8406
         0 ,    0.224104 ,       0 ,0.224104 ,  73.0833
         0 ,    1.1542   ,       0 ,1.1542   ,  91.2548
         0 ,    1.09185  ,       0 ,1.09185  ,  95.3259
         0 ,    0.432909 ,       0 ,0.432909 ,  50.8701
         0 ,    0.115809 ,       0 ,0.115809 ,  39.6274
         0 ,    0.108818 ,       0 ,0.108818 ,  29.4853
         0 ,    0.076934 ,       0 ,0.076934 ,  31.5563
         0 ,    0.204018 ,       0 ,0.204018 ,  60.9411
         0 ,    0.676407 ,       0 ,0.676407 ,  89.598
         0 ,    1.62804  ,       0 ,1.62804  ,  96.4264
         0 ,    0.493932 ,       0 ,0.493932 ,  58.8701
         0 ,    0.165424 ,       0 ,0.165424 ,  59.5563
         0 ,    0.492271 ,       0 ,0.492271 ,  84.4264
         0 ,    0.138245 ,       0 ,0.138245 ,  37.3848
         0 ,    0.174939 ,       0 ,0.174939 ,  68.6274
         0 ,    0.126703 ,       0 ,0.126703 ,  39.799
         0 ,    0.175734 ,       0 ,0.175734 ,  72.7279
         0 ,    0.119929 ,       0 ,0.119929 ,  29.3137
         0 ,    1.15632  ,       0 ,1.15632  , 124.326
         0 ,    0.147529 ,       0 ,0.147529 ,  41.6274
         0 ,    0.211938 ,       0 ,0.211938 ,  54.9411
         0 ,    0.255234 ,       0 ,0.255234 ,  46.0416
         0 ,    2.82806  ,       0 ,2.82806  , 108.983
         0 ,    1.07549  ,       0 ,1.07549  ,  77.0122
         0 ,    0.133093 ,       0 ,0.133093 ,  42.9706
         0 ,    0.198128 ,       0 ,0.198128 ,  66.6985
         0 ,    0.352311 ,       0 ,0.352311 ,  69.4264
         0 ,    0.359546 ,       0 ,0.359546 ,  58.6274
         0 ,    0.136843 ,       0 ,0.136843 ,  49.799
         0 ,    0.678509 ,       0 ,0.678509 ,  92.7696
         0 ,    0.086111 ,       0 ,0.086111 ,  33.4853
         0 ,    0.903452 ,       0 ,0.903452 , 108.598
         0 ,    0.582504 ,       0 ,0.582504 ,  86.5269
         0 ,    0.14637  ,       0 ,0.14637  ,  47.4558
         0 ,    2.51313  ,       0 ,2.51313  ,  84.4975
         0 ,    0.241078 ,       0 ,0.241078 ,  43.9706
         0 ,    0.439352 ,       0 ,0.439352 ,  61.7696
         0 ,    0.954659 ,       0 ,0.954659 ,  89.7401
         0 ,    0.152936 ,       0 ,0.152936 ,  53.5563
         0 ,    0.362947 ,       0 ,0.362947 ,  70.2548
         0 ,    0.752555 ,       0 ,0.752555 ,  76.1838
         0 ,    0.296997 ,       0 ,0.296997 ,  80.2843
         0 ,    0.126898 ,       0 ,0.126898 ,  32.9706
         0 ,    0.114286 ,       0 ,0.114286 ,  34.799
         0 ,    0.139487 ,       0 ,0.139487 ,  62.9706
         0 ,    0.307779 ,       0 ,0.307779 ,  56.0416
         0 ,    0.116668 ,       0 ,0.116668 ,  35.3848
         0 ,    1.20533  ,       0 ,1.20533  ,  85.5685
         0 ,    0.515419 ,       0 ,0.515419 ,  56.8701
         0 ,    0.712485 ,       0 ,0.712485 ,  76.1838
         0 ,    1.33707  ,       0 ,1.33707  ,  78.4264
         0 ,    0.086999 ,       0 ,0.086999 ,  24.4853
         0 ,    0.508742 ,       0 ,0.508742 ,  75.8406
         0 ,    0.164536 ,       0 ,0.164536 ,  60.7696
         0 ,    0.151847 ,       0 ,0.151847 ,  47.6985
         0 ,    0.319459 ,       0 ,0.319459 ,  50.4558
         0 ,    0.08273  ,       0 ,0.08273  ,  31.1421
         0 ,    0.575729 ,       0 ,0.575729 ,  72.5269
         0 ,    0.150438 ,       0 ,0.150438 ,  55.9706
         0 ,    0.106816 ,       0 ,0.106816 ,  29.8995
         0 ,    0.13732  ,       0 ,0.13732  ,  33.9706
         0 ,    1.46229  ,       0 ,1.46229  ,  89.2548
         0 ,    0.195022 ,       0 ,0.195022 ,  54.5269
         0 ,    0.180294 ,       0 ,0.180294 ,  48.3848
         0 ,    0.075335 ,       0 ,0.075335 ,  34.3848
         0 ,    0.234311 ,       0 ,0.234311 ,  53.3848
         0 ,    0.407318 ,       0 ,0.407318 ,  83.8701
         0 ,    0.130021 ,       0 ,0.130021 ,  45.4558
         0 ,    0.435281 ,       0 ,0.435281 ,  67.1838
         0 ,    0.345303 ,       0 ,0.345303 ,  43.799
         0 ,    0.184606 ,       0 ,0.184606 ,  45.1421
         0 ,    0.749845 ,       0 ,0.749845 ,  75.7696
         0 ,    1.91068  ,       0 ,1.91068  ,  98.1838
         0 ,    1.01159  ,       0 ,1.01159  ,  80.3553
         0 ,    0.143043 ,       0 ,0.143043 ,  54.6985
         0 ,    0.251759 ,       0 ,0.251759 ,  73.1838
         0 ,    0.26133  ,       0 ,0.26133  ,  61.3553
         0 ,    0.111444 ,       0 ,0.111444 ,  36.1421
         0 ,    2.3739   ,       0 ,2.3739   , 112.669
         0 ,    0.23357  ,       0 ,0.23357  ,  55.7696
         0 ,    1.40955  ,       0 ,1.40955  ,  93.7401
         0 ,    0.679131 ,       0 ,0.679131 ,  77.1838
         0 ,    0.420656 ,       0 ,0.420656 ,  66.9411
         0 ,    0.128691 ,       0 ,0.128691 ,  48.9706
         0 ,    0.159274 ,       0 ,0.159274 ,  54.2843
         0 ,    0.630548 ,       0 ,0.630548 ,  87.598
         0 ,    0.134545 ,       0 ,0.134545 ,  62.799
         0 ,    0.942989 ,       0 ,0.942989 ,  84.8406
         0 ,    0.094224 ,       0 ,0.094224 ,  35.1421
         0 ,    0.11273  ,       0 ,0.11273  ,  40.3137
         0 ,    0.116856 ,       0 ,0.116856 ,  37.5563
         0 ,    0.82127  ,       0 ,0.82127  ,  91.8112
         0 ,    0.118773 ,       0 ,0.118773 ,  33.9706
         0 ,    0.903942 ,       0 ,0.903942 ,  70.1838
         0 ,    0.100577 ,       0 ,0.100577 ,  40.6274
         0 ,    0.222876 ,       0 ,0.222876 ,  51.3848
         0 ,    0.268589 ,       0 ,0.268589 ,  56.3553
         0 ,    0.484951 ,       0 ,0.484951 ,  86.5685
         0 ,    0.172499 ,       0 ,0.172499 ,  56.6274
         0 ,    0.160687 ,       0 ,0.160687 ,  52.8701
         0 ,    0.212446 ,       0 ,0.212446 ,  45.2132
         0 ,    0.283701 ,       0 ,0.283701 ,  53.2132
         0 ,    0.100969 ,       0 ,0.100969 ,  48.0416
         0 ,    0.193119 ,       0 ,0.193119 ,  53.4558
         0 ,    0.143002 ,       0 ,0.143002 ,  53.0416
         0 ,    0.167463 ,       0 ,0.167463 ,  54.0416
         0 ,    0.951524 ,       0 ,0.951524 ,  75.1838
         0 ,    0.271733 ,       0 ,0.271733 ,  61.3553
         0 ,    0.177972 ,       0 ,0.177972 ,  37.9706
         0 ,    0.139972 ,       0 ,0.139972 ,  40.3848
         0 ,    0.316602 ,       0 ,0.316602 ,  55.4558
         0 ,    0.161353 ,       0 ,0.161353 ,  33.3848
         0 ,    0.255043 ,       0 ,0.255043 ,  76.1838
         0 ,    0.470487 ,       0 ,0.470487 ,  71.5269
         0 ,    0.172759 ,       0 ,0.172759 ,  58.4558
         0 ,    0.192963 ,       0 ,0.192963 ,  72.2548
         0 ,    0.552121 ,       0 ,0.552121 ,  70.598
         0 ,    0.105852 ,       0 ,0.105852 ,  47.5563
         0 ,    0.189089 ,       0 ,0.189089 ,  67.3553
         0 ,    0.192508 ,       0 ,0.192508 ,  63.3553
         0 ,    0.276272 ,       0 ,0.276272 ,  64.0122
         0 ,    0.108274 ,       0 ,0.108274 ,  32.9706
         0 ,    0.107138 ,       0 ,0.107138 ,  44.8995
         0 ,    0.235575 ,       0 ,0.235575 ,  57.2132
         0 ,    0.272627 ,       0 ,0.272627 ,  46.9706
         0 ,    0.34766  ,       0 ,0.34766  ,  60.2132
         0 ,    0.509401 ,       0 ,0.509401 ,  84.9411
         0 ,    0.425467 ,       0 ,0.425467 ,  60.2843
         0 ,    0.138157 ,       0 ,0.138157 ,  50.2132
         0 ,    0.325272 ,       0 ,0.325272 ,  79.1838
         0 ,    0.291869 ,       0 ,0.291869 ,  49.799
         0 ,    1.44642  ,       0 ,1.44642  ,  94.669
         0 ,    0.303773 ,       0 ,0.303773 ,  77.7696
         0 ,    0.297165 ,       0 ,0.297165 ,  69.1838
         0 ,    1.34627  ,       0 ,1.34627  ,  89.669
         0 ,    0.362947 ,       0 ,0.362947 ,  71.0416
         0 ,    0.18833  ,       0 ,0.18833  ,  37.6274
         0 ,    0.073895 ,       0 ,0.073895 ,  38.3137
         0 ,    0.143609 ,       0 ,0.143609 ,  44.9706
         0 ,    0.136214 ,       0 ,0.136214 ,  55.8995
         0 ,    0.543384 ,       0 ,0.543384 ,  64.7696
         0 ,    0.195203 ,       0 ,0.195203 ,  40.6274
         0 ,    0.7658   ,       0 ,0.7658   ,  82.1127
         0 ,    0.147343 ,       0 ,0.147343 ,  55.9411
         0 ,    1.05649  ,       0 ,1.05649  ,  86.9117
         0 ,    0.34321  ,       0 ,0.34321  ,  65.3553
         0 ,    0.115527 ,       0 ,0.115527 ,  43.4558
         0 ,    0.634199 ,       0 ,0.634199 ,  75.0122
         0 ,    0.553491 ,       0 ,0.553491 ,  63.4558
         0 ,    2.66247  ,       0 ,2.66247  , 127.983
         0 ,    0.128814 ,       0 ,0.128814 ,  38.1421
         0 ,    0.335107 ,       0 ,0.335107 ,  77.3553
         0 ,    0.347511 ,       0 ,0.347511 ,  63.6985
         0 ,    0.312748 ,       0 ,0.312748 ,  64.6985
         0 ,    0.281019 ,       0 ,0.281019 ,  67.0122
         0 ,    0.103303 ,       0 ,0.103303 ,  33.8995
         0 ,    0.164485 ,       0 ,0.164485 ,  45.2132
         0 ,    0.120643 ,       0 ,0.120643 ,  36.9706
         0 ,    0.183257 ,       0 ,0.183257 ,  67.1838
         0 ,    0.185412 ,       0 ,0.185412 ,  44.9706
         0 ,    0.14239  ,       0 ,0.14239  ,  49.2132
         0 ,    0.303674 ,       0 ,0.303674 ,  58.1127
         0 ,    0.583136 ,       0 ,0.583136 ,  88.2548
         0 ,    0.258796 ,       0 ,0.258796 ,  75.0122
         0 ,    0.113285 ,       0 ,0.113285 ,  32.1421
         0 ,    0.428898 ,       0 ,0.428898 ,  65.0122
         0 ,    0.142543 ,       0 ,0.142543 ,  43.799
         0 ,    0.108208 ,       0 ,0.108208 ,  35.8995
         0 ,    0.255063 ,       0 ,0.255063 ,  51.2132
         0 ,    0.23376  ,       0 ,0.23376  ,  62.1127
         0 ,    0.630024 ,       0 ,0.630024 ,  85.669
         0 ,    0.489934 ,       0 ,0.489934 ,  56.6985
         0 ,    1.02739  ,       0 ,1.02739  ,  91.1838
         0 ,    0.239781 ,       0 ,0.239781 ,  59.2132
         0 ,    0.354945 ,       0 ,0.354945 ,  62.6985
         0 ,    0.481975 ,       0 ,0.481975 ,  79.5269
         0 ,    0.479056 ,       0 ,0.479056 ,  55.2843
         0 ,    0.101082 ,       0 ,0.101082 ,  49.4558
         0 ,    0.10226  ,       0 ,0.10226  ,  33.3137
         0 ,    0.194686 ,       0 ,0.194686 ,  46.6274
         0 ,    0.116602 ,       0 ,0.116602 ,  36.3848
         0 ,    0.482626 ,       0 ,0.482626 ,  59.4558
         0 ,    0.116406 ,       0 ,0.116406 ,  44.9706
         0 ,    0.130948 ,       0 ,0.130948 ,  38.3848
         0 ,    0.124737 ,       0 ,0.124737 ,  47.3137
         0 ,    0.664059 ,       0 ,0.664059 ,  73.3553
         0 ,    0.09693  ,       0 ,0.09693  ,  34.9706
         0 ,    2.61828  ,       0 ,2.61828  ,  96.3259
         0 ,    0.09702  ,       0 ,0.09702  ,  33.8995
         0 ,    0.290448 ,       0 ,0.290448 ,  52.5563
         0 ,    0.434099 ,       0 ,0.434099 ,  71.1127
         0 ,    0.192335 ,       0 ,0.192335 ,  59.799
         0 ,    0.897108 ,       0 ,0.897108 ,  99.8823
         0 ,    0.150246 ,       0 ,0.150246 ,  46.6985
         0 ,    0.131928 ,       0 ,0.131928 ,  42.6274
         0 ,    0.14179  ,       0 ,0.14179  ,  50.1127
         0 ,    0.475948 ,       0 ,0.475948 ,  73.4558
         0 ,    0.117216 ,       0 ,0.117216 ,  39.9706
         0 ,    0.333928 ,       0 ,0.333928 ,  57.9706
         0 ,    0.93057  ,       0 ,0.93057  ,  85.0833
         0 ,    2.7845   ,       0 ,2.7845   , 133.811
         0 ,    0.514225 ,       0 ,0.514225 ,  59.8701
         0 ,    0.125433 ,       0 ,0.125433 ,  39.9706
         0 ,    0.368398 ,       0 ,0.368398 ,  68.4264
         0 ,    0.254774 ,       0 ,0.254774 ,  55.0416
         0 ,    0.270765 ,       0 ,0.270765 ,  53.2132
         0 ,    0.227317 ,       0 ,0.227317 ,  55.4558
         0 ,    0.28137  ,       0 ,0.28137  ,  50.1127
         0 ,    0.334317 ,       0 ,0.334317 ,  55.6985
         0 ,    0.172132 ,       0 ,0.172132 ,  56.8701
         0 ,    1.03283  ,       0 ,1.03283  ,  88.0122
         0 ,    0.100052 ,       0 ,0.100052 ,  34.9706
         0 ,    0.243378 ,       0 ,0.243378 ,  50.3848
         0 ,    0.412478 ,       0 ,0.412478 ,  62.2843
         0 ,    0.811857 ,       0 ,0.811857 , 101.569
         0 ,    0.153448 ,       0 ,0.153448 ,  42.5563
         0 ,    0.097422 ,       0 ,0.097422 ,  39.5563
         0 ,    0.142676 ,       0 ,0.142676 ,  57.1838
         0 ,    0.105266 ,       0 ,0.105266 ,  42.0711
         0 ,    0.514133 ,       0 ,0.514133 ,  60.5269
         0 ,    0.264086 ,       0 ,0.264086 ,  70.6274
         0 ,    0.200441 ,       0 ,0.200441 ,  56.7696
         0 ,    0.223159 ,       0 ,0.223159 ,  57.1127
         0 ,    0.06183  ,       0 ,0.06183  ,   4.24264
         0 ,    1.95355  ,       0 ,1.95355  ,  93.0833
         0 ,    2.32191  ,       0 ,2.32191  , 107.083
         0 ,    0.237978 ,       0 ,0.237978 ,  47.9706
         0 ,    0.350368 ,       0 ,0.350368 ,  59.6985
         0 ,    0.534732 ,       0 ,0.534732 ,  98.8112
         0 ,    0.30743  ,       0 ,0.30743  ,  65.2843
         0 ,    0.196727 ,       0 ,0.196727 ,  54.3848
         0 ,    1.54098  ,       0 ,1.54098  ,  78.669
         0 ,    0.190818 ,       0 ,0.190818 ,  63.2132
         0 ,    0.363242 ,       0 ,0.363242 ,  77.2548
         0 ,    0.215271 ,       0 ,0.215271 ,  51.9706
         0 ,    0.117796 ,       0 ,0.117796 ,  50.2132
         0 ,    0.074755 ,       0 ,0.074755 ,  25.5563
         0 ,    0.339976 ,       0 ,0.339976 ,  61.2132
         0 ,    2.41468  ,       0 ,2.41468  ,  93.0122
         0 ,    0.340995 ,       0 ,0.340995 ,  51.6985
         0 ,    0.239371 ,       0 ,0.239371 ,  54.5269
         0 ,    0.172597 ,       0 ,0.172597 ,  83.799
         0 ,    0.171072 ,       0 ,0.171072 ,  53.1127
         0 ,    0.11342  ,       0 ,0.11342  ,  44.7279
         0 ,    4.84413  ,       0 ,4.84413  , 161.51
         0 ,    0.218804 ,       0 ,0.218804 ,  44.6274
         0 ,    0.125466 ,       0 ,0.125466 ,  38.9706
         0 ,    0.138493 ,       0 ,0.138493 ,  49.6985
         0 ,    0.134256 ,       0 ,0.134256 ,  43.3137
         0 ,    0.126447 ,       0 ,0.126447 ,  43.2132
         0 ,    0.10272  ,       0 ,0.10272  ,  41.799
         0 ,    0.286039 ,       0 ,0.286039 ,  83.7401
         0 ,    0.14585  ,       0 ,0.14585  ,  41.2132
         0 ,    0.09901  ,       0 ,0.09901  ,  43.1421
         0 ,    0.242466 ,       0 ,0.242466 ,  53.2132
         0 ,    0.258335 ,       0 ,0.258335 ,  69.4558
         0 ,    0.124007 ,       0 ,0.124007 ,  41.7279
         0 ,    0.079342 ,       0 ,0.079342 ,  32.6274
         0 ,    0.236494 ,       0 ,0.236494 ,  48.2132
         0 ,    0.152661 ,       0 ,0.152661 ,  46.4558
         0 ,    0.233405 ,       0 ,0.233405 ,  61.8701
         0 ,    0.403478 ,       0 ,0.403478 ,  63.6985
         0 ,    1.63511  ,       0 ,1.63511  ,  84.0833
         0 ,    0.151479 ,       0 ,0.151479 ,  42.3848
         0 ,    0.568061 ,       0 ,0.568061 ,  73.4558
         0 ,    0.178355 ,       0 ,0.178355 ,  62.799
         0 ,    0.125087 ,       0 ,0.125087 ,  34.3137
         0 ,    0.264436 ,       0 ,0.264436 ,  41.9706
         0 ,    0.159995 ,       0 ,0.159995 ,  52.2843
         0 ,    0.125064 ,       0 ,0.125064 ,  30.8995
         0 ,    0.187544 ,       0 ,0.187544 ,  45.8701
         0 ,    0.148753 ,       0 ,0.148753 ,  40.9706
         0 ,    0.454393 ,       0 ,0.454393 ,  72.5269
         0 ,    0.33899  ,       0 ,0.33899  ,  54.2132
         0 ,    0.100389 ,       0 ,0.100389 ,  31.5563
         0 ,    0.488192 ,       0 ,0.488192 ,  56.2843
         0 ,    0.16218  ,       0 ,0.16218  ,  49.9411
         0 ,    0.192418 ,       0 ,0.192418 ,  74.6274
         0 ,    0.726386 ,       0 ,0.726386 ,  73.1127
         0 ,    3.94769  ,       0 ,3.94769  , 132.912
         0 ,    0.17926  ,       0 ,0.17926  ,  41.8995
         0 ,    0.28292  ,       0 ,0.28292  ,  46.0416
         0 ,    1.36126  ,       0 ,1.36126  ,  96.7401
         0 ,    1.19589  ,       0 ,1.19589  ,  82.6985
         0 ,    1.26869  ,       0 ,1.26869  , 105.184
         0 ,    3.49242  ,       0 ,3.49242  , 127.74
         0 ,    1.07286  ,       0 ,1.07286  ,  74.4264
         0 ,    0.155554 ,       0 ,0.155554 ,  42.0416
         0 ,    1.64763  ,       0 ,1.64763  , 111.841
         0 ,    0.647557 ,       0 ,0.647557 ,  68.2843
         0 ,    2.61832  ,       0 ,2.61832  , 108.669
         0 ,    0.593303 ,       0 ,0.593303 ,  65.7696
         0 ,    0.555334 ,       0 ,0.555334 ,  87.6985
         0 ,    0.167808 ,       0 ,0.167808 ,  58.9706
         0 ,    1.96402  ,       0 ,1.96402  ,  96.0833
         0 ,    0.395947 ,       0 ,0.395947 ,  89.0833
         0 ,    0.348778 ,       0 ,0.348778 ,  74.8701
         0 ,    0.166086 ,       0 ,0.166086 ,  52.8701
         0 ,    2.2907   ,       0 ,2.2907   , 109.054
         0 ,    0.963927 ,       0 ,0.963927 ,  68.5269
         0 ,    0.19892  ,       0 ,0.19892  ,  56.2843
         0 ,    0.181865 ,       0 ,0.181865 ,  52.6274
         0 ,    0.10503  ,       0 ,0.10503  ,  31.4853
         0 ,    0.442465 ,       0 ,0.442465 ,  72.2843
         0 ,    3.06158  ,       0 ,3.06158  , 127.983
         0 ,    0.284209 ,       0 ,0.284209 ,  68.9411
         0 ,    0.166044 ,       0 ,0.166044 ,  53.8701
         0 ,    0.144991 ,       0 ,0.144991 ,  39.3848
         0 ,    0.357484 ,       0 ,0.357484 ,  56.2843
         0 ,    0.875441 ,       0 ,0.875441 ,  82.4264
         0 ,    0.60227  ,       0 ,0.60227  ,  56.4558
         0 ,    0.161812 ,       0 ,0.161812 ,  59.3553
         0 ,    0.5553   ,       0 ,0.5553   ,  64.5269
         0 ,    0.308748 ,       0 ,0.308748 ,  64.5269
         0 ,    0.096751 ,       0 ,0.096751 ,  19.0711
         0 ,    0.863605 ,       0 ,0.863605 ,  94.5269
         0 ,    0.142777 ,       0 ,0.142777 ,  37.5563
         0 ,    0.183434 ,       0 ,0.183434 ,  72.669
         0 ,    0.961731 ,       0 ,0.961731 ,  78.0833
         0 ,    0.212063 ,       0 ,0.212063 ,  53.3848
         0 ,    0.101557 ,       0 ,0.101557 ,  43.0711
         0 ,    0.190431 ,       0 ,0.190431 ,  60.6985
         0 ,    0.320284 ,       0 ,0.320284 ,  60.1838
         0 ,    0.111915 ,       0 ,0.111915 ,   6.65685
         0 ,    0.121994 ,       0 ,0.121994 ,  26.7279
         0 ,    0.320987 ,       0 ,0.320987 ,  77.9411
         0 ,    0.345907 ,       0 ,0.345907 ,  61.1127
         0 ,    0.083691 ,       0 ,0.083691 ,  24.4853
         0 ,    0.195981 ,       0 ,0.195981 ,  37.2132
         0 ,    0.149792 ,       0 ,0.149792 ,  39.6274
         0 ,    0.165726 ,       0 ,0.165726 ,  38.799
         0 ,    0.501979 ,       0 ,0.501979 ,  81.6985
         0 ,    0.124726 ,       0 ,0.124726 ,  26.1421
         0 ,    0.195838 ,       0 ,0.195838 ,  57.9706
         0 ,    0.169648 ,       0 ,0.169648 ,  39.799
         0 ,    0.138438 ,       0 ,0.138438 ,  74.1421
         0 ,    1.21491  ,       0 ,1.21491  ,  82.2548
         0 ,    0.765111 ,       0 ,0.765111 ,  90.1127
         0 ,    0.16241  ,       0 ,0.16241  ,  52.2843
         0 ,    0.930038 ,       0 ,0.930038 ,  69.598
         0 ,    0.144224 ,       0 ,0.144224 ,  35.799
         0 ,    0.483504 ,       0 ,0.483504 ,  72.8406
         0 ,    0.29146  ,       0 ,0.29146  ,  62.2132
         0 ,    1.24162  ,       0 ,1.24162  ,  77.0122
         0 ,    1.44528  ,       0 ,1.44528  ,  83.7696
         0 ,    0.117881 ,       0 ,0.117881 ,  45.9706
         0 ,    0.821867 ,       0 ,0.821867 ,  59.9411
         0 ,    0.161543 ,       0 ,0.161543 ,  44.4558
         0 ,    0.243865 ,       0 ,0.243865 ,  42.9706
         0 ,    0.264358 ,       0 ,0.264358 ,  52.5269
         0 ,    0.266226 ,       0 ,0.266226 ,  69.2548
         0 ,    0.176617 ,       0 ,0.176617 ,  34.7279
         0 ,    0.368698 ,       0 ,0.368698 ,  73.7401
         0 ,    0.197834 ,       0 ,0.197834 ,  47.5563
         0 ,    0.685229 ,       0 ,0.685229 ,  66.7696
         0 ,    0.480386 ,       0 ,0.480386 ,  52.2132
         0 ,    0.366758 ,       0 ,0.366758 ,  48.2843
         0 ,    0.109683 ,       0 ,0.109683 ,  27.3137
         0 ,    0.218552 ,       0 ,0.218552 ,  57.8406
         0 ,    0.15755  ,       0 ,0.15755  ,  66.3553
         0 ,    0.135504 ,       0 ,0.135504 ,  45.0416
         0 ,    0.111931 ,       0 ,0.111931 ,  28.7279
         0 ,    0.12837  ,       0 ,0.12837  ,  33.2132
         0 ,    0.158397 ,       0 ,0.158397 ,  57.1421
         0 ,    0.201586 ,       0 ,0.201586 ,  52.6274
         0 ,    0.701861 ,       0 ,0.701861 ,  59.5269
         0 ,    0.826417 ,       0 ,0.826417 ,  85.7401
         0 ,    1.67447  ,       0 ,1.67447  ,  87.7401
         0 ,    0.162167 ,       0 ,0.162167 ,  42.9706
         0 ,    0.144212 ,       0 ,0.144212 ,  37.5563
         0 ,    0.168595 ,       0 ,0.168595 ,  46.2132
         0 ,    1.10676  ,       0 ,1.10676  ,  83.4264
         0 ,    0.203906 ,       0 ,0.203906 ,  46.6274
         0 ,    0.221722 ,       0 ,0.221722 ,  61.4558
         0 ,    0.983644 ,       0 ,0.983644 ,  87.4975
         0 ,    0.124666 ,       0 ,0.124666 ,  58.8406
         0 ,    2.24147  ,       0 ,2.24147  ,  96.397
         0 ,    0.657118 ,       0 ,0.657118 ,  56.6985
         0 ,    0.161999 ,       0 ,0.161999 ,  44.9706
         0 ,    0.170934 ,       0 ,0.170934 ,  51.2843
         0 ,    0.173503 ,       0 ,0.173503 ,  33.7279
         0 ,    0.141002 ,       0 ,0.141002 ,  29.7279
         0 ,    0.206797 ,       0 ,0.206797 ,  60.3553
         0 ,    0.121917 ,       0 ,0.121917 ,  33.1421
         0 ,    0.34076  ,       0 ,0.34076  ,  70.2843
         0 ,    0.271058 ,       0 ,0.271058 ,  67.5563
         0 ,    0.095477 ,       0 ,0.095477 ,  23.4853
         0 ,    0.434961 ,       0 ,0.434961 ,  92.0416
         0 ,    0.140164 ,       0 ,0.140164 ,  39.799
         0 ,    0.088484 ,       0 ,0.088484 ,  33.8995
         0 ,    0.109231 ,       0 ,0.109231 ,  39.3848
         0 ,    0.090086 ,       0 ,0.090086 ,   4.24264
         0 ,    0.462148 ,       0 ,0.462148 ,  81.3259
         0 ,    0.135102 ,       0 ,0.135102 ,  36.9706
         0 ,    0.128682 ,       0 ,0.128682 ,  33.3137
         0 ,    0.652309 ,       0 ,0.652309 ,  78.5269
         0 ,    0.598858 ,       0 ,0.598858 ,  80.7401
         0 ,    0.22738  ,       0 ,0.22738  ,  51.0416
         0 ,    0.212144 ,       0 ,0.212144 ,  40.5563
         0 ,    0.821966 ,       0 ,0.821966 ,  74.6985
         0 ,    2.53571  ,       0 ,2.53571  , 144.154
         0 ,    2.29455  ,       0 ,2.29455  , 109.225
         0 ,    0.087528 ,       0 ,0.087528 ,  29.3137
         0 ,    0.926749 ,       0 ,0.926749 ,  79.8406
         0 ,    0.179548 ,       0 ,0.179548 ,  56.6274
         0 ,    0.162303 ,       0 ,0.162303 ,  55.3848
         0 ,    7.88924  ,       0 ,7.88924  , 124.225
         0 ,    0.117955 ,       0 ,0.117955 ,  29.1421
         0 ,    1.70113  ,       0 ,1.70113  , 104.426
         0 ,    0.128366 ,       0 ,0.128366 ,  34.3848
         0 ,    0.2751   ,       0 ,0.2751   ,  49.8701
         0 ,    0.41996  ,       0 ,0.41996  ,  53.4558
         0 ,    0.122023 ,       0 ,0.122023 ,  34.5563
         0 ,    0.359598 ,       0 ,0.359598 ,  50.0416
         0 ,    0.19035  ,       0 ,0.19035  ,  51.4558
         0 ,    0.771098 ,       0 ,0.771098 ,  75.3553
         0 ,    0.178042 ,       0 ,0.178042 ,  50.0416
         0 ,    0.187953 ,       0 ,0.187953 ,  55.2132
         0 ,    0.224288 ,       0 ,0.224288 ,  48.8701
         0 ,    0.179998 ,       0 ,0.179998 ,  63.2548
         0 ,    1.48875  ,       0 ,1.48875  , 101.912
         0 ,    0.281928 ,       0 ,0.281928 ,  64.4264
         0 ,    0.132117 ,       0 ,0.132117 ,  36.1421
         0 ,    0.131974 ,       0 ,0.131974 ,  34.3848
         0 ,    0.379704 ,       0 ,0.379704 ,  81.0122
         0 ,    0.386756 ,       0 ,0.386756 ,  72.6274
         0 ,    0.241891 ,       0 ,0.241891 ,  69.0416
         0 ,    0.17727  ,       0 ,0.17727  ,  31.799
         0 ,    0.639302 ,       0 ,0.639302 ,  65.1838
         0 ,    0.462806 ,       0 ,0.462806 ,  74.4975
         0 ,    0.128573 ,       0 ,0.128573 ,  52.8701
         0 ,    0.150072 ,       0 ,0.150072 ,  58.5269
         0 ,    0.338676 ,       0 ,0.338676 ,  68.3848
         0 ,    0.433483 ,       0 ,0.433483 ,  72.6274
         0 ,    0.114083 ,       0 ,0.114083 ,  45.1421
         0 ,    1.1004   ,       0 ,1.1004   ,  65.3553
         0 ,    0.187962 ,       0 ,0.187962 ,  38.3848
         0 ,    0.1615   ,       0 ,0.1615   ,  59.799
         0 ,    0.211701 ,       0 ,0.211701 ,  47.4558
         0 ,    0.275992 ,       0 ,0.275992 ,  63.598
         0 ,    0.200505 ,       0 ,0.200505 ,  40.9706
         0 ,    1.10976  ,       0 ,1.10976  ,  78.3553
         0 ,    0.135251 ,       0 ,0.135251 ,  37.5563
         0 ,    0.287719 ,       0 ,0.287719 ,  71.0122
         0 ,    0.604209 ,       0 ,0.604209 ,  81.1127
         0 ,    0.717452 ,       0 ,0.717452 ,  68.8701
         0 ,    0.707828 ,       0 ,0.707828 ,  60.2843
         0 ,    1.78383  ,       0 ,1.78383  , 101.497
         0 ,    0.23509  ,       0 ,0.23509  ,  57.4558
         0 ,    0.111019 ,       0 ,0.111019 ,  48.4558
         0 ,    0.217349 ,       0 ,0.217349 ,  53.4558
         0 ,    0.137619 ,       0 ,0.137619 ,  39.5563
         0 ,    0.771641 ,       0 ,0.771641 ,  95.2548
         0 ,    0.941599 ,       0 ,0.941599 ,  87.3553
         0 ,    0.163518 ,       0 ,0.163518 ,  48.3848
         0 ,    0.507587 ,       0 ,0.507587 ,  71.0416
         0 ,    0.56116  ,       0 ,0.56116  ,  93.598
         0 ,    0.1259   ,       0 ,0.1259   ,  31.1421
         0 ,    0.752173 ,       0 ,0.752173 ,  81.4975
         0 ,    0.280827 ,       0 ,0.280827 ,  61.2843
         0 ,    0.134184 ,       0 ,0.134184 ,  52.4558
         0 ,    0.349423 ,       0 ,0.349423 ,  59.1127
         0 ,    0.360336 ,       0 ,0.360336 ,  65.2548
         0 ,    0.219872 ,       0 ,0.219872 ,  68.598
         0 ,    0.746402 ,       0 ,0.746402 ,  81.1838
         0 ,    0.09471  ,       0 ,0.09471  ,  26.0711
         0 ,    1.25601  ,       0 ,1.25601  ,  77.7696
         0 ,    3.18175  ,       0 ,3.18175  , 123.296
         0 ,    0.597124 ,       0 ,0.597124 ,  65.4558
         0 ,    0.097044 ,       0 ,0.097044 ,  24.7279
         0 ,    0.185743 ,       0 ,0.185743 ,  50.6274
         0 ,    0.170451 ,       0 ,0.170451 ,  55.4558
         0 ,    0.154488 ,       0 ,0.154488 ,  59.5563
         0 ,    0.136738 ,       0 ,0.136738 ,  46.4558
         0 ,    0.242433 ,       0 ,0.242433 ,  56.3848
         0 ,    0.660378 ,       0 ,0.660378 ,  75.4264
         0 ,    0.318308 ,       0 ,0.318308 ,  38.799
         0 ,    0.087843 ,       0 ,0.087843 ,  32.5563
         0 ,    0.116687 ,       0 ,0.116687 ,  40.8701
         0 ,    0.222473 ,       0 ,0.222473 ,  84.3259
         0 ,    0.279261 ,       0 ,0.279261 ,  50.2843
         0 ,    0.260788 ,       0 ,0.260788 ,  62.3553
         0 ,    0.115087 ,       0 ,0.115087 ,  42.3848
         0 ,    1.1393   ,       0 ,1.1393   ,  83.669
         0 ,    0.252463 ,       0 ,0.252463 ,  51.8701
         0 ,    0.149843 ,       0 ,0.149843 ,  41.2132
         0 ,    0.123793 ,       0 ,0.123793 ,  55.3553
         0 ,    0.230975 ,       0 ,0.230975 ,  72.0122
         0 ,    0.128936 ,       0 ,0.128936 ,  42.3848
         0 ,    1.46116  ,       0 ,1.46116  ,  86.4264
         0 ,    0.133966 ,       0 ,0.133966 ,  34.3848
         0 ,    0.200362 ,       0 ,0.200362 ,  56.8701
         0 ,    0.130566 ,       0 ,0.130566 ,  44.0416
         0 ,    0.146833 ,       0 ,0.146833 ,  52.3848
         0 ,    0.125358 ,       0 ,0.125358 ,  29.3137
         0 ,    3.50151  ,       0 ,3.50151  , 111.912
         0 ,    0.112738 ,       0 ,0.112738 ,  37.9706
         0 ,    0.124894 ,       0 ,0.124894 ,  49.2843
         0 ,    0.153173 ,       0 ,0.153173 ,  50.4558
         0 ,    0.333377 ,       0 ,0.333377 ,  50.4558
         0 ,    0.129187 ,       0 ,0.129187 ,  34.1421
         0 ,    0.220821 ,       0 ,0.220821 ,  85.0416
         0 ,    0.234802 ,       0 ,0.234802 ,  57.2132
         0 ,    0.210483 ,       0 ,0.210483 ,  73.7696
         0 ,    0.153066 ,       0 ,0.153066 ,  44.2132
         0 ,    0.730016 ,       0 ,0.730016 ,  94.2548
         0 ,    0.160949 ,       0 ,0.160949 ,  57.2132
         0 ,    1.35045  ,       0 ,1.35045  ,  81.8406
         0 ,    0.27428  ,       0 ,0.27428  ,  63.6985
         0 ,    0.141658 ,       0 ,0.141658 ,  53.2132
         0 ,    0.171454 ,       0 ,0.171454 ,  66.799
         0 ,    0.208496 ,       0 ,0.208496 ,  58.1127
         0 ,    0.243715 ,       0 ,0.243715 ,  68.4975
         0 ,    1.01993  ,       0 ,1.01993  ,  87.9411
         0 ,    0.063467 ,       0 ,0.063467 ,   4.24264
