normalTime ,criticalTime ,miscTime ,totTime  ,borderSize ,Intersect Border - Length: 53.041631 ,Find Concave Points ,Visibility Graph Init ,A* Search
         0 ,    0.242914 ,       0 ,0.242914 ,  53.0416  ,                            0.080411 ,           0.001277 ,             0.001706 , 0.15952
         0 ,    0.118594 ,       0 ,0.118594 ,  38.9706  ,                            0.049622 ,           0.00055  ,             0.00041  , 0.068012
         0 ,    0.132381 ,       0 ,0.132381 ,  38.9706  ,                            0.056392 ,           0.000451 ,             0.000461 , 0.075077
         0 ,    0.264833 ,       0 ,0.264833 ,  57.5269  ,                            0.063934 ,           0.000551 ,             0.00034  , 0.200008
         0 ,    0.198629 ,       0 ,0.198629 ,  48.0416  ,                            0.069177 ,           0.000733 ,             0.000509 , 0.12821
         0 ,    0.183759 ,       0 ,0.183759 ,  75.4558  ,                            0.060643 ,           0.00059  ,             0.0006   , 0.121926
         0 ,    0.260933 ,       0 ,0.260933 ,  48.0416  ,                            0.052455 ,           0.000496 ,             0.000373 , 0.207609
         0 ,    0.109221 ,       0 ,0.109221 ,  39.799   ,                            0.049037 ,           0.000385 ,             0.000282 , 0.059517
         0 ,    0.117291 ,       0 ,0.117291 ,  51.2132  ,                            0.039936 ,           0.000515 ,             0.000246 , 0.076594
         0 ,    0.70491  ,       0 ,0.70491  ,  71.5269  ,                            0.089283 ,           0.000731 ,             0.000549 , 0.614347
         0 ,    0.171553 ,       0 ,0.171553 ,  37.799   ,                            0.059761 ,           0.00052  ,             0.000649 , 0.110623
         0 ,    0.15496  ,       0 ,0.15496  ,  43.799   ,                            0.05893  ,           0.000565 ,             0.00036  , 0.095105
         0 ,    0.250602 ,       0 ,0.250602 ,  76.0833  ,                            0.079476 ,           0.000917 ,             0.00096  , 0.169249
         0 ,    0.248897 ,       0 ,0.248897 ,  49.6274  ,                            0.066263 ,           0.000589 ,             0.000447 , 0.181598
         0 ,    0.482935 ,       0 ,0.482935 ,  81.2843  ,                            0.086255 ,           0.000781 ,             0.00065  , 0.395249
         0 ,    0.938495 ,       0 ,0.938495 ,  87.9117  ,                            0.085016 ,           0.000851 ,             0.000541 , 0.852087
         0 ,    1.89182  ,       0 ,1.89182  ,  90.0833  ,                            0.069545 ,           0.000847 ,             0.000525 , 1.8209
         0 ,    0.548838 ,       0 ,0.548838 ,  74.0833  ,                            0.054552 ,           0.000624 ,             0.000426 , 0.493236
         0 ,    0.707644 ,       0 ,0.707644 ,  69.1127  ,                            0.055194 ,           0.00063  ,             0.000376 , 0.651444
         0 ,    0.188224 ,       0 ,0.188224 ,  41.3848  ,                            0.052647 ,           0.000406 ,             0.00028  , 0.134891
         0 ,    0.650317 ,       0 ,0.650317 ,  77.3553  ,                            0.097188 ,           0.000931 ,             0.000728 , 0.55147
         0 ,    1.34347  ,       0 ,1.34347  ,  79.3553  ,                            0.089144 ,           0.000843 ,             0.000552 , 1.25293
         0 ,    1.38171  ,       0 ,1.38171  ,  87.598   ,                            0.098727 ,           0.000762 ,             0.000665 , 1.28155
         0 ,    0.18771  ,       0 ,0.18771  ,  57.4558  ,                            0.059796 ,           0.000605 ,             0.000418 , 0.126891
         0 ,    0.144798 ,       0 ,0.144798 ,  49.7279  ,                            0.064563 ,           0.000429 ,             0.000417 , 0.079389
         0 ,    0.398168 ,       0 ,0.398168 ,  75.8701  ,                            0.075773 ,           0.000568 ,             0.000385 , 0.321442
         0 ,    0.371267 ,       0 ,0.371267 ,  91.598   ,                            0.097311 ,           0.000906 ,             0.000688 , 0.272362
         0 ,    0.51774  ,       0 ,0.51774  ,  55.2132  ,                            0.068154 ,           0.000682 ,             0.000576 , 0.448328
         0 ,    0.179701 ,       0 ,0.179701 ,  50.3848  ,                            0.066259 ,           0.000612 ,             0.000572 , 0.112258
         0 ,    0.383987 ,       0 ,0.383987 ,  55.4558  ,                            0.056364 ,           0.000658 ,             0.000711 , 0.326254
         0 ,    0.878475 ,       0 ,0.878475 ,  71.598   ,                            0.079657 ,           0.000835 ,             0.000486 , 0.797497
         0 ,    0.103277 ,       0 ,0.103277 ,  30.3137  ,                            0.043275 ,           0.000355 ,             0.000258 , 0.059389
         0 ,    0.18468  ,       0 ,0.18468  ,  56.9411  ,                            0.049831 ,           0.000593 ,             0.000345 , 0.133911
         0 ,    0.094394 ,       0 ,0.094394 ,  23.8995  ,                            0.039488 ,           0.000341 ,             0.000293 , 0.054272
         0 ,    0.191949 ,       0 ,0.191949 ,  39.3848  ,                            0.053777 ,           0.000591 ,             0.000649 , 0.136932
         0 ,    0.277319 ,       0 ,0.277319 ,  67.3553  ,                            0.071522 ,           0.000809 ,             0.000615 , 0.204373
         0 ,    0.515325 ,       0 ,0.515325 ,  75.5269  ,                            0.084517 ,           0.000798 ,             0.000637 , 0.429373
         0 ,    0.123133 ,       0 ,0.123133 ,  36.5563  ,                            0.048005 ,           0.00043  ,             0.00031  , 0.074388
         0 ,    0.123956 ,       0 ,0.123956 ,  38.1421  ,                            0.049377 ,           0.000401 ,             0.000292 , 0.073886
         0 ,    0.109003 ,       0 ,0.109003 ,  27.8995  ,                            0.056248 ,           0.000342 ,             0.000293 , 0.05212
         0 ,    0.700236 ,       0 ,0.700236 ,  76.6985  ,                            0.085189 ,           0.000547 ,             0.000601 , 0.613899
         0 ,    0.244121 ,       0 ,0.244121 ,  37.799   ,                            0.046955 ,           0.000503 ,             0.00032  , 0.196343
         0 ,    0.233814 ,       0 ,0.233814 ,  70.0122  ,                            0.071571 ,           0.000644 ,             0.000603 , 0.160996
         0 ,    0.729472 ,       0 ,0.729472 ,  84.2843  ,                            0.083841 ,           0.000655 ,             0.000497 , 0.644479
         0 ,    0.25938  ,       0 ,0.25938  ,  50.799   ,                            0.063881 ,           0.000579 ,             0.000357 , 0.194563
         0 ,    0.174481 ,       0 ,0.174481 ,  63.0416  ,                            0.078577 ,           0.000498 ,             0.000353 , 0.095053
         0 ,    1.51033  ,       0 ,1.51033  ,  98.9117  ,                            0.103264 ,           0.000904 ,             0.000538 , 1.40563
         0 ,    0.174176 ,       0 ,0.174176 ,  51.7279  ,                            0.06595  ,           0.000479 ,             0.000515 , 0.107232
         0 ,    0.192181 ,       0 ,0.192181 ,  58.9411  ,                            0.071403 ,           0.00063  ,             0.000333 , 0.119815
         0 ,    0.220763 ,       0 ,0.220763 ,  49.2132  ,                            0.074719 ,           0.000632 ,             0.000359 , 0.145053
         0 ,    0.229233 ,       0 ,0.229233 ,  77.1543  ,                            0.083409 ,           0.000684 ,             0.000338 , 0.144802
         0 ,    1.38844  ,       0 ,1.38844  , 102.426   ,                            0.069947 ,           0.000997 ,             0.000707 , 1.31679
         0 ,    0.566976 ,       0 ,0.566976 ,  60.7696  ,                            0.087845 ,           0.00094  ,             0.00068  , 0.477511
         0 ,    0.204918 ,       0 ,0.204918 ,  49.8701  ,                            0.061192 ,           0.00062  ,             0.000538 , 0.142568
         0 ,    0.528596 ,       0 ,0.528596 ,  59.1127  ,                            0.077133 ,           0.000813 ,             0.000754 , 0.449896
         0 ,    0.239999 ,       0 ,0.239999 ,  43.8701  ,                            0.055823 ,           0.00051  ,             0.00033  , 0.183336
         0 ,    0.241928 ,       0 ,0.241928 ,  38.799   ,                            0.054267 ,           0.00048  ,             0.000388 , 0.186793
         0 ,    1.65119  ,       0 ,1.65119  ,  76.0416  ,                            0.087663 ,           0.000669 ,             0.000564 , 1.56229
         0 ,    0.175696 ,       0 ,0.175696 ,  36.799   ,                            0.060314 ,           0.000891 ,             0.000723 , 0.113768
         0 ,    1.22587  ,       0 ,1.22587  ,  97.8406  ,                            0.106244 ,           0.000987 ,             0.000697 , 1.11794
         0 ,    0.131332 ,       0 ,0.131332 ,  34.1421  ,                            0.053647 ,           0.000473 ,             0.000641 , 0.076571
         0 ,    0.174205 ,       0 ,0.174205 ,  48.2132  ,                            0.068265 ,           0.000693 ,             0.000409 , 0.104838
         0 ,    0.21226  ,       0 ,0.21226  ,  54.8701  ,                            0.067246 ,           0.000643 ,             0.000486 , 0.143885
         0 ,    3.67901  ,       0 ,3.67901  , 110.669   ,                            0.109206 ,           0.001086 ,             0.000586 , 3.56813
         0 ,    0.264656 ,       0 ,0.264656 ,  56.799   ,                            0.058849 ,           0.000709 ,             0.000357 , 0.204741
         0 ,    0.283294 ,       0 ,0.283294 ,  47.4558  ,                            0.074272 ,           0.00065  ,             0.000554 , 0.207818
         0 ,    2.39411  ,       0 ,2.39411  ,  85.669   ,                            0.091873 ,           0.00095  ,             0.000801 , 2.30049
         0 ,    0.182169 ,       0 ,0.182169 ,  37.7279  ,                            0.075158 ,           0.000975 ,             0.001098 , 0.104938
         0 ,    0.706536 ,       0 ,0.706536 ,  71.598   ,                            0.076031 ,           0.000739 ,             0.000655 , 0.629111
         0 ,    0.464582 ,       0 ,0.464582 ,  71.3553  ,                            0.08288  ,           0.00067  ,             0.00028  , 0.380752
         0 ,    0.112582 ,       0 ,0.112582 ,  33.5563  ,                            0.05642  ,           0.000342 ,             0.000303 , 0.055517
         0 ,    0.303759 ,       0 ,0.303759 ,  50.3848  ,                            0.065837 ,           0.000539 ,             0.000325 , 0.237058
         0 ,    0.636662 ,       0 ,0.636662 ,  52.2843  ,                            0.072227 ,           0.000661 ,             0.00097  , 0.562804
         0 ,    0.114919 ,       0 ,0.114919 ,  26.2426  ,                            0.052164 ,           0.000244 ,             0.000342 , 0.062169
         0 ,    1.01042  ,       0 ,1.01042  , 101.882   ,                            0.09691  ,           0.00118  ,             0.000671 , 0.911657
         0 ,    0.231099 ,       0 ,0.231099 ,  55.5269  ,                            0.069123 ,           0.000583 ,             0.000439 , 0.160954
         0 ,    6.60795  ,       0 ,6.60795  , 123.912   ,                            0.103326 ,           0.001046 ,             0.000841 , 6.50273
         0 ,    0.305731 ,       0 ,0.305731 ,  59.1127  ,                            0.053276 ,           0.00068  ,             0.000328 , 0.251447
         0 ,    0.287073 ,       0 ,0.287073 ,  57.4558  ,                            0.049381 ,           0.000536 ,             0.000301 , 0.236855
         0 ,    0.350181 ,       0 ,0.350181 ,  59.9411  ,                            0.064462 ,           0.000708 ,             0.000659 , 0.284352
         0 ,    2.0024   ,       0 ,2.0024   ,  97.6396  ,                            0.092432 ,           0.001068 ,             0.000624 , 1.90827
         0 ,    1.13174  ,       0 ,1.13174  ,  91.0833  ,                            0.083813 ,           0.000786 ,             0.00067  , 1.04648
         0 ,    0.188956 ,       0 ,0.188956 ,  43.9706  ,                            0.060903 ,           0.000483 ,             0.000361 , 0.127209
         0 ,    1.7947   ,       0 ,1.7947   ,  55.1127  ,                            0.068759 ,           0.000618 ,             0.00045  , 1.72487
         0 ,    0.102918 ,       0 ,0.102918 ,  43.2132  ,                            0.037952 ,           0.000796 ,             0.000897 , 0.063273
         0 ,    0.099774 ,       0 ,0.099774 ,  27.7279  ,                            0.036108 ,           0.000364 ,             0.000274 , 0.063028
         0 ,    0.324001 ,       0 ,0.324001 ,  49.2132  ,                            0.057289 ,           0.000508 ,             0.000317 , 0.265887
         0 ,    1.5264   ,       0 ,1.5264   ,  91.598   ,                            0.096674 ,           0.00087  ,             0.000564 , 1.42829
         0 ,    1.14576  ,       0 ,1.14576  ,  86.0833  ,                            0.079899 ,           0.000908 ,             0.000795 , 1.06416
         0 ,    1.00301  ,       0 ,1.00301  ,  81.3553  ,                            0.1003   ,           0.000916 ,             0.000756 , 0.901035
         0 ,    0.531227 ,       0 ,0.531227 ,  73.6985  ,                            0.059549 ,           0.000531 ,             0.000652 , 0.470495
         0 ,    1.95931  ,       0 ,1.95931  ,  76.8406  ,                            1.51069  ,           0.001024 ,             0.000898 , 0.4467
         0 ,    0.199226 ,       0 ,0.199226 ,  47.9706  ,                            0.054939 ,           0.000508 ,             0.000416 , 0.143363
         0 ,    0.379808 ,       0 ,0.379808 ,  77.8701  ,                            0.070018 ,           0.000626 ,             0.000464 , 0.3087
         0 ,    0.105067 ,       0 ,0.105067 ,  62.3848  ,                            0.054075 ,           0.000361 ,             0.000351 , 0.05028
         0 ,    0.109483 ,       0 ,0.109483 ,  34.3137  ,                            0.052654 ,           0.000381 ,             0.000371 , 0.056077
         0 ,    0.543087 ,       0 ,0.543087 ,  91.1543  ,                            0.066788 ,           0.000727 ,             0.000564 , 0.475008
         0 ,    0.150931 ,       0 ,0.150931 ,  43.799   ,                            0.053327 ,           0.000487 ,             0.000315 , 0.096802
         0 ,    0.371423 ,       0 ,0.371423 ,  71.9117  ,                            0.068936 ,           0.000626 ,             0.00035  , 0.301511
         0 ,    0.273027 ,       0 ,0.273027 ,  54.0416  ,                            0.056214 ,           0.000716 ,             0.00035  , 0.215747
         0 ,    0.171632 ,       0 ,0.171632 ,  51.0416  ,                            0.051591 ,           0.000441 ,             0.000278 , 0.119322
         0 ,    0.426847 ,       0 ,0.426847 ,  59.3553  ,                            0.059551 ,           0.000619 ,             0.000546 , 0.366131
         0 ,    0.2269   ,       0 ,0.2269   ,  70.9411  ,                            0.087918 ,           0.000831 ,             0.000606 , 0.137545
         0 ,    0.312251 ,       0 ,0.312251 ,  64.2843  ,                            0.086408 ,           0.000674 ,             0.000509 , 0.22466
         0 ,    0.277795 ,       0 ,0.277795 ,  43.0416  ,                            0.057665 ,           0.00062  ,             0.000449 , 0.219061
         0 ,    0.120604 ,       0 ,0.120604 ,  45.4558  ,                            0.051994 ,           0.000535 ,             0.000431 , 0.067644
         0 ,    0.138068 ,       0 ,0.138068 ,  35.1421  ,                            0.049024 ,           0.000397 ,             0.000228 , 0.088419
         0 ,    0.292363 ,       0 ,0.292363 ,  53.2132  ,                            0.058234 ,           0.000432 ,             0.00027  , 0.233427
         0 ,    3.45632  ,       0 ,3.45632  , 119.983   ,                            0.138351 ,           0.001134 ,             0.00062  , 3.31622
         0 ,    0.524969 ,       0 ,0.524969 ,  52.8701  ,                            0.081982 ,           0.001431 ,             0.001091 , 0.440465
         0 ,    1.17576  ,       0 ,1.17576  ,  85.2548  ,                            0.066017 ,           0.00099  ,             0.000854 , 1.1079
         0 ,    0.460929 ,       0 ,0.460929 ,  79.8701  ,                            0.081576 ,           0.000712 ,             0.00053  , 0.378111
         0 ,    0.586278 ,       0 ,0.586278 ,  64.3553  ,                            0.071328 ,           0.00074  ,             0.000376 , 0.513834
         0 ,    0.835682 ,       0 ,0.835682 ,  89.3259  ,                            0.084586 ,           0.00072  ,             0.000484 , 0.749892
         0 ,    0.165724 ,       0 ,0.165724 ,  47.2132  ,                            0.06501  ,           0.000589 ,             0.000343 , 0.099782
         0 ,    0.111207 ,       0 ,0.111207 ,  28.8995  ,                            0.054237 ,           0.00039  ,             0.000315 , 0.056265
         0 ,    0.140658 ,       0 ,0.140658 ,  38.5563  ,                            0.058646 ,           0.000433 ,             0.000317 , 0.081262
         0 ,    0.277032 ,       0 ,0.277032 ,  72.6985  ,                            0.073193 ,           0.000897 ,             0.00075  , 0.202192
         0 ,    2.77369  ,       0 ,2.77369  ,  89.9117  ,                            0.092223 ,           0.00089  ,             0.000763 , 2.67981
         0 ,    0.530599 ,       0 ,0.530599 ,  73.598   ,                            0.074026 ,           0.00068  ,             0.000589 , 0.455304
         0 ,    0.222249 ,       0 ,0.222249 ,  56.6985  ,                            0.067812 ,           0.000534 ,             0.000367 , 0.153536
         0 ,    0.104494 ,       0 ,0.104494 ,  38.799   ,                            0.047899 ,           0.000452 ,             0.000298 , 0.055845
         0 ,    0.139964 ,       0 ,0.139964 ,  46.6274  ,                            0.061805 ,           0.000489 ,             0.000406 , 0.077264
         0 ,    0.152878 ,       0 ,0.152878 ,  40.799   ,                            0.056631 ,           0.000569 ,             0.000574 , 0.095104
         0 ,    0.380627 ,       0 ,0.380627 ,  58.4558  ,                            0.082258 ,           0.000867 ,             0.000654 , 0.296848
         0 ,    1.50772  ,       0 ,1.50772  ,  83.0122  ,                            0.087829 ,           0.000952 ,             0.000697 , 1.41824
         0 ,    0.088605 ,       0 ,0.088605 ,  27.2426  ,                            0.049387 ,           0.000309 ,             0.000297 , 0.038612
         0 ,    0.186806 ,       0 ,0.186806 ,  58.3848  ,                            0.076275 ,           0.000523 ,             0.000351 , 0.109657
         0 ,    0.774645 ,       0 ,0.774645 ,  73.3553  ,                            0.073813 ,           0.000842 ,             0.000512 , 0.699478
         0 ,    0.251916 ,       0 ,0.251916 ,  52.8701  ,                            0.05746  ,           0.000507 ,             0.00025  , 0.193699
         0 ,    0.819671 ,       0 ,0.819671 ,  70.4264  ,                            0.057068 ,           0.000615 ,             0.000445 , 0.761543
         0 ,    0.06569  ,       0 ,0.06569  ,   6.65685 ,                            0.025234 ,           0.000254 ,             0.000257 , 0.039945
         0 ,    0.148324 ,       0 ,0.148324 ,  57.9706  ,                            0.063144 ,           0.000509 ,             0.000325 , 0.084346
         0 ,    1.12815  ,       0 ,1.12815  ,  85.1127  ,                            0.099967 ,           0.000768 ,             0.000686 , 1.02673
         0 ,    0.246371 ,       0 ,0.246371 ,  52.799   ,                            0.076812 ,           0.000663 ,             0.000662 , 0.168234
         0 ,    0.21272  ,       0 ,0.21272  ,  36.0416  ,                            0.057992 ,           0.000546 ,             0.000411 , 0.153771
         0 ,    1.14957  ,       0 ,1.14957  ,  94.5269  ,                            0.094563 ,           0.000882 ,             0.000572 , 1.05355
         0 ,    0.210536 ,       0 ,0.210536 ,  43.3137  ,                            0.051532 ,           0.000489 ,             0.000325 , 0.15819
         0 ,    2.07722  ,       0 ,2.07722  , 102.083   ,                            0.066796 ,           0.000979 ,             0.000752 , 2.00869
         0 ,    0.396711 ,       0 ,0.396711 ,  68.0416  ,                            0.083559 ,           0.000757 ,             0.000524 , 0.311871
         0 ,    3.41236  ,       0 ,3.41236  , 102.983   ,                            0.096348 ,           0.001006 ,             0.000615 , 3.31439
         0 ,    0.156306 ,       0 ,0.156306 ,  34.1421  ,                            0.05984  ,           0.000453 ,             0.000287 , 0.095726
         0 ,    0.107104 ,       0 ,0.107104 ,  38.5563  ,                            0.054488 ,           0.00037  ,             0.000275 , 0.051971
         0 ,    0.111973 ,       0 ,0.111973 ,  38.5563  ,                            0.055618 ,           0.000375 ,             0.000239 , 0.055741
         0 ,    2.84905  ,       0 ,2.84905  ,  77.3553  ,                            0.067225 ,           0.00076  ,             0.000515 , 2.78055
         0 ,    0.253778 ,       0 ,0.253778 ,  56.6985  ,                            0.062746 ,           0.000588 ,             0.000299 , 0.190145
         0 ,    0.300788 ,       0 ,0.300788 ,  88.3848  ,                            0.089708 ,           0.000547 ,             0.000303 , 0.21023
         0 ,    0.167357 ,       0 ,0.167357 ,  43.799   ,                            0.057887 ,           0.000609 ,             0.000305 , 0.108556
         0 ,    0.306845 ,       0 ,0.306845 ,  68.1838  ,                            0.071063 ,           0.000736 ,             0.000603 , 0.234443
         0 ,    0.111405 ,       0 ,0.111405 ,  29.9706  ,                            0.046834 ,           0.000507 ,             0.000359 , 0.063705
         0 ,    0.249657 ,       0 ,0.249657 ,  66.4264  ,                            0.06046  ,           0.000632 ,             0.000359 , 0.188206
         0 ,    1.22502  ,       0 ,1.22502  , 101.669   ,                            0.08677  ,           0.000853 ,             0.000642 , 1.13676
         0 ,    0.41018  ,       0 ,0.41018  ,  67.8701  ,                            0.06568  ,           0.000669 ,             0.000466 , 0.343365
         0 ,    0.195352 ,       0 ,0.195352 ,  51.799   ,                            0.074338 ,           0.000671 ,             0.000337 , 0.120006
         0 ,    0.130678 ,       0 ,0.130678 ,  57.9706  ,                            0.065544 ,           0.000409 ,             0.000249 , 0.064476
         0 ,    0.386001 ,       0 ,0.386001 ,  82.9411  ,                            0.076852 ,           0.000785 ,             0.000553 , 0.307811
         0 ,    0.282143 ,       0 ,0.282143 ,  75.669   ,                            0.093066 ,           0.000706 ,             0.000689 , 0.187682
         0 ,    0.122633 ,       0 ,0.122633 ,  44.5563  ,                            0.046108 ,           0.00049  ,             0.000415 , 0.07562
         0 ,    0.190219 ,       0 ,0.190219 ,  43.9706  ,                            0.057531 ,           0.000465 ,             0.000371 , 0.131852
         0 ,    1.80036  ,       0 ,1.80036  ,  65.0416  ,                            0.086309 ,           0.000692 ,             0.000406 , 1.71296
         0 ,    0.148835 ,       0 ,0.148835 ,  52.6985  ,                            0.062724 ,           0.000546 ,             0.00057  , 0.084995
         0 ,    1.02139  ,       0 ,1.02139  ,  92.4264  ,                            0.074038 ,           0.000953 ,             0.000858 , 0.945545
         0 ,    3.63694  ,       0 ,3.63694  , 128.841   ,                            0.132493 ,           0.001143 ,             0.000859 , 3.50244
         0 ,    0.132061 ,       0 ,0.132061 ,  33.7279  ,                            0.04577  ,           0.00051  ,             0.000323 , 0.085458
         0 ,    0.15892  ,       0 ,0.15892  ,  34.3848  ,                            0.044446 ,           0.000526 ,             0.000341 , 0.113607
         0 ,    0.127677 ,       0 ,0.127677 ,  39.799   ,                            0.051562 ,           0.000485 ,             0.000333 , 0.075297
         0 ,    0.105667 ,       0 ,0.105667 ,  36.1421  ,                            0.051168 ,           0.000399 ,             0.000278 , 0.053822
         0 ,    1.04532  ,       0 ,1.04532  ,  80.2548  ,                            0.086219 ,           0.000803 ,             0.000562 , 0.957737
         0 ,    0.152717 ,       0 ,0.152717 ,  35.5563  ,                            0.071402 ,           0.000696 ,             0.00123  , 0.079389
         0 ,    0.273819 ,       0 ,0.273819 ,  73.1127  ,                            0.079431 ,           0.000563 ,             0.000325 , 0.1935
         0 ,    0.167004 ,       0 ,0.167004 ,  53.4558  ,                            0.069895 ,           0.000607 ,             0.00033  , 0.096172
         0 ,    0.095539 ,       0 ,0.095539 ,  37.5563  ,                            0.045362 ,           0.000442 ,             0.000256 , 0.049479
         0 ,    0.8232   ,       0 ,0.8232   ,  78.669   ,                            0.082651 ,           0.000976 ,             0.000563 , 0.73901
         0 ,    0.224344 ,       0 ,0.224344 ,  62.6985  ,                            0.071703 ,           0.0008   ,             0.000532 , 0.151309
         0 ,    0.15769  ,       0 ,0.15769  ,  44.6985  ,                            0.056542 ,           0.000598 ,             0.000321 , 0.100229
         0 ,    0.182155 ,       0 ,0.182155 ,  46.9706  ,                            0.069101 ,           0.000608 ,             0.000381 , 0.112065
         0 ,    0.414834 ,       0 ,0.414834 ,  84.1127  ,                            0.060593 ,           0.000602 ,             0.000379 , 0.35326
         0 ,    0.090246 ,       0 ,0.090246 ,  37.6274  ,                            0.040577 ,           0.000385 ,             0.00031  , 0.048974
         0 ,    0.149904 ,       0 ,0.149904 ,  40.1421  ,                            0.066788 ,           0.000513 ,             0.000292 , 0.082311
         0 ,    0.174003 ,       0 ,0.174003 ,  46.2132  ,                            0.085521 ,           0.00054  ,             0.000454 , 0.087488
         0 ,    0.103047 ,       0 ,0.103047 ,  32.4853  ,                            0.057325 ,           0.000296 ,             0.000715 , 0.044711
         0 ,    0.159523 ,       0 ,0.159523 ,  51.4558  ,                            0.052368 ,           0.00056  ,             0.000502 , 0.106093
         0 ,    0.183563 ,       0 ,0.183563 ,  54.7696  ,                            0.049622 ,           0.000523 ,             0.000304 , 0.133114
         0 ,    0.073282 ,       0 ,0.073282 ,   6.24264 ,                            0.032334 ,           0.000318 ,             0.000277 , 0.040353
         0 ,    0.10387  ,       0 ,0.10387  ,  32.4853  ,                            0.052975 ,           0.000296 ,             0.00027  , 0.050329
         0 ,    0.127045 ,       0 ,0.127045 ,  54.3137  ,                            0.065964 ,           0.000425 ,             0.000385 , 0.060271
         0 ,    0.168421 ,       0 ,0.168421 ,  45.5563  ,                            0.055249 ,           0.000475 ,             0.000321 , 0.112376
         0 ,    0.233871 ,       0 ,0.233871 ,  64.4264  ,                            0.078953 ,           0.000689 ,             0.000478 , 0.153751
         0 ,    0.113383 ,       0 ,0.113383 ,  23.7279  ,                            0.045729 ,           0.00041  ,             0.000335 , 0.066909
         0 ,    0.151396 ,       0 ,0.151396 ,  39.799   ,                            0.063677 ,           0.000657 ,             0.000838 , 0.086224
         0 ,    1.21201  ,       0 ,1.21201  ,  84.1127  ,                            0.086825 ,           0.000795 ,             0.000793 , 1.1236
         0 ,    0.371838 ,       0 ,0.371838 ,  57.1127  ,                            0.057999 ,           0.000743 ,             0.000457 , 0.312639
         0 ,    0.743399 ,       0 ,0.743399 ,  68.2843  ,                            0.081304 ,           0.000782 ,             0.000696 , 0.660617
         0 ,    0.227314 ,       0 ,0.227314 ,  68.2843  ,                            0.058298 ,           0.000695 ,             0.000533 , 0.167788
         0 ,    0.225031 ,       0 ,0.225031 ,  57.8701  ,                            0.075156 ,           0.00058  ,             0.000463 , 0.148832
         0 ,    0.58921  ,       0 ,0.58921  ,  63.9411  ,                            0.090691 ,           0.00088  ,             0.000817 , 0.496822
         0 ,    1.15604  ,       0 ,1.15604  ,  82.4264  ,                            0.081544 ,           0.000837 ,             0.000505 , 1.07315
         0 ,    0.307092 ,       0 ,0.307092 ,  95.6985  ,                            0.094759 ,           0.000565 ,             0.000429 , 0.211339
         0 ,    0.139589 ,       0 ,0.139589 ,  38.799   ,                            0.059276 ,           0.000429 ,             0.000385 , 0.079499
         0 ,    0.12624  ,       0 ,0.12624  ,  38.5563  ,                            0.055706 ,           0.000463 ,             0.000274 , 0.069797
         0 ,    0.521515 ,       0 ,0.521515 ,  63.5269  ,                            0.068865 ,           0.000623 ,             0.000984 , 0.451043
         0 ,    0.123498 ,       0 ,0.123498 ,  27.7279  ,                            0.052685 ,           0.000524 ,             0.000532 , 0.069757
         0 ,    0.721142 ,       0 ,0.721142 ,  67.5269  ,                            0.079223 ,           0.00083  ,             0.000648 , 0.640441
         0 ,    0.202843 ,       0 ,0.202843 ,  55.799   ,                            0.059186 ,           0.000519 ,             0.000275 , 0.142863
         0 ,    0.484965 ,       0 ,0.484965 ,  76.1838  ,                            0.068053 ,           0.000716 ,             0.000448 , 0.415748
         0 ,    0.116799 ,       0 ,0.116799 ,  33.7279  ,                            0.047376 ,           0.000442 ,             0.000396 , 0.068585
         0 ,    1.68586  ,       0 ,1.68586  ,  93.7401  ,                            0.08743  ,           0.001104 ,             0.000636 , 1.59669
         0 ,    0.456326 ,       0 ,0.456326 ,  71.3553  ,                            0.091597 ,           0.001005 ,             0.001191 , 0.362533
         0 ,    0.290348 ,       0 ,0.290348 ,  66.6985  ,                            0.075317 ,           0.000592 ,             0.00046  , 0.213979
         0 ,    0.265304 ,       0 ,0.265304 ,  43.1421  ,                            0.054421 ,           0.000701 ,             0.000374 , 0.209808
         0 ,    0.583775 ,       0 ,0.583775 ,  75.1127  ,                            0.090214 ,           0.000671 ,             0.000361 , 0.492529
         0 ,    0.600351 ,       0 ,0.600351 ,  78.5269  ,                            0.10016  ,           0.000811 ,             0.00063  , 0.49875
         0 ,    0.104713 ,       0 ,0.104713 ,  33.9706  ,                            0.037855 ,           0.00045  ,             0.00084  , 0.065568
         0 ,    1.58438  ,       0 ,1.58438  ,  90.0122  ,                            0.076358 ,           0.000718 ,             0.000509 , 1.50679
         0 ,    0.185478 ,       0 ,0.185478 ,  63.7279  ,                            0.081496 ,           0.000518 ,             0.001218 , 0.102246
         0 ,    0.153011 ,       0 ,0.153011 ,  44.799   ,                            0.065968 ,           0.000565 ,             0.000401 , 0.086077
         0 ,    0.394438 ,       0 ,0.394438 ,  66.1127  ,                            0.102404 ,           0.000858 ,             0.000544 , 0.290632
         0 ,    0.579492 ,       0 ,0.579492 ,  74.3259  ,                            0.072661 ,           0.000695 ,             0.000726 , 0.50541
         0 ,    0.097509 ,       0 ,0.097509 ,  31.3137  ,                            0.051125 ,           0.000307 ,             0.000288 , 0.045789
         0 ,    3.71679  ,       0 ,3.71679  ,  95.3259  ,                            0.0952   ,           0.000885 ,             0.000568 , 3.62013
         0 ,    0.105482 ,       0 ,0.105482 ,  11.6569  ,                            0.036382 ,           0.000722 ,             0.001218 , 0.06716
         0 ,    0.275389 ,       0 ,0.275389 ,  72.0833  ,                            0.068993 ,           0.000699 ,             0.000318 , 0.205379
         0 ,    0.298355 ,       0 ,0.298355 ,  65.8701  ,                            0.065558 ,           0.000605 ,             0.00034  , 0.231852
         0 ,    0.734777 ,       0 ,0.734777 ,  95.397   ,                            0.096362 ,           0.000761 ,             0.000569 , 0.637085
         0 ,    0.103531 ,       0 ,0.103531 ,  34.7279  ,                            0.051347 ,           0.000403 ,             0.000362 , 0.051419
         0 ,    0.209846 ,       0 ,0.209846 ,  76.3848  ,                            0.076496 ,           0.000637 ,             0.000377 , 0.132336
         0 ,    0.13697  ,       0 ,0.13697  ,  38.9706  ,                            0.055867 ,           0.00048  ,             0.000318 , 0.080305
         0 ,    0.123834 ,       0 ,0.123834 ,  43.0416  ,                            0.051894 ,           0.000403 ,             0.000256 , 0.071281
         0 ,    2.76338  ,       0 ,2.76338  ,  99.8112  ,                            0.074287 ,           0.000831 ,             0.00052  , 2.68774
         0 ,    0.468377 ,       0 ,0.468377 ,  75.7401  ,                            0.081739 ,           0.000603 ,             0.000486 , 0.385549
         0 ,    0.508108 ,       0 ,0.508108 ,  93.799   ,                            0.104899 ,           0.000525 ,             0.00027  , 0.402414
         0 ,    0.144101 ,       0 ,0.144101 ,  41.799   ,                            0.068419 ,           0.000546 ,             0.000348 , 0.074788
         0 ,    1.50579  ,       0 ,1.50579  ,  46.3848  ,                            0.12147  ,           0.001136 ,             0.001319 , 1.38187
         0 ,    0.618936 ,       0 ,0.618936 ,  78.0416  ,                            0.129857 ,           0.001143 ,             0.001042 , 0.486894
         0 ,    0.118639 ,       0 ,0.118639 ,  38.5563  ,                            0.056087 ,           0.000389 ,             0.000324 , 0.061839
         0 ,    0.091978 ,       0 ,0.091978 ,  32.1421  ,                            0.042924 ,           0.000352 ,             0.000287 , 0.048415
         0 ,    0.235541 ,       0 ,0.235541 ,  64.9411  ,                            0.054577 ,           0.000735 ,             0.000827 , 0.179402
         0 ,    0.339057 ,       0 ,0.339057 ,  62.2132  ,                            0.060735 ,           0.000653 ,             0.000303 , 0.277366
         0 ,    0.07973  ,       0 ,0.07973  ,  35.6569  ,                            0.042663 ,           0.000255 ,             0.000242 , 0.03657
         0 ,    0.129475 ,       0 ,0.129475 ,  49.8701  ,                            0.052652 ,           0.000439 ,             0.000252 , 0.076132
         0 ,    0.449015 ,       0 ,0.449015 ,  72.1127  ,                            0.084094 ,           0.000649 ,             0.000396 , 0.363876
         0 ,    0.18791  ,       0 ,0.18791  ,  53.6274  ,                            0.066006 ,           0.000577 ,             0.000296 , 0.121031
         0 ,    0.368311 ,       0 ,0.368311 ,  52.8701  ,                            0.070992 ,           0.000596 ,             0.000348 , 0.296375
         0 ,    0.154483 ,       0 ,0.154483 ,  47.4558  ,                            0.059248 ,           0.000745 ,             0.00054  , 0.09395
         0 ,    1.31363  ,       0 ,1.31363  ,  86.0833  ,                            0.097035 ,           0.000832 ,             0.000679 , 1.21508
         0 ,    0.22491  ,       0 ,0.22491  ,  42.799   ,                            0.090163 ,           0.00064  ,             0.000716 , 0.133391
         0 ,    0.130434 ,       0 ,0.130434 ,  57.3553  ,                            0.052141 ,           0.000472 ,             0.000397 , 0.077424
         0 ,    0.131571 ,       0 ,0.131571 ,  37.1421  ,                            0.054766 ,           0.000426 ,             0.000332 , 0.076047
         0 ,    0.19154  ,       0 ,0.19154  ,  65.1127  ,                            0.068632 ,           0.000541 ,             0.000527 , 0.12184
         0 ,    0.252097 ,       0 ,0.252097 ,  56.2132  ,                            0.050916 ,           0.000592 ,             0.000559 , 0.20003
         0 ,    0.100125 ,       0 ,0.100125 ,  40.9706  ,                            0.05036  ,           0.000307 ,             0.000244 , 0.049214
         0 ,    0.112219 ,       0 ,0.112219 ,  54.8701  ,                            0.047544 ,           0.000524 ,             0.000253 , 0.063898
         0 ,    0.22145  ,       0 ,0.22145  ,  71.4264  ,                            0.059962 ,           0.00072  ,             0.000541 , 0.160227
         0 ,    0.298921 ,       0 ,0.298921 ,  47.4558  ,                            0.06419  ,           0.000743 ,             0.000644 , 0.233344
         0 ,    0.112885 ,       0 ,0.112885 ,  38.1421  ,                            0.049685 ,           0.000451 ,             0.000527 , 0.062222
         0 ,    0.28662  ,       0 ,0.28662  ,  54.1127  ,                            0.057538 ,           0.000597 ,             0.00035  , 0.228135
         0 ,    0.201327 ,       0 ,0.201327 ,  67.8701  ,                            0.082976 ,           0.000589 ,             0.000293 , 0.117469
         0 ,    0.159278 ,       0 ,0.159278 ,  61.2548  ,                            0.067663 ,           0.000475 ,             0.00035  , 0.09079
         0 ,    0.131335 ,       0 ,0.131335 ,  49.5563  ,                            0.054812 ,           0.000467 ,             0.000323 , 0.075733
         0 ,    1.77159  ,       0 ,1.77159  ,  89.9117  ,                            0.070743 ,           0.000864 ,             0.000551 , 1.69944
         0 ,    0.144998 ,       0 ,0.144998 ,  46.9411  ,                            0.065606 ,           0.000451 ,             0.000512 , 0.078429
         0 ,    0.882173 ,       0 ,0.882173 , 104.255   ,                            0.166807 ,           0.001083 ,             0.000816 , 0.713467
         0 ,    0.290791 ,       0 ,0.290791 ,  59.6274  ,                            0.075784 ,           0.000656 ,             0.000616 , 0.213735
         0 ,    0.572323 ,       0 ,0.572323 ,  56.2843  ,                            0.06527  ,           0.00062  ,             0.0005   , 0.505933
         0 ,    2.69568  ,       0 ,2.69568  ,  97.0833  ,                            0.097298 ,           0.000998 ,             0.000659 , 2.59673
         0 ,    0.178479 ,       0 ,0.178479 ,  47.799   ,                            0.040868 ,           0.000419 ,             0.000753 , 0.136439
         0 ,    0.067194 ,       0 ,0.067194 ,   4.24264 ,                            0.02601  ,           0.000158 ,             0.000254 , 0.040772
         0 ,    0.122508 ,       0 ,0.122508 ,  40.3137  ,                            0.053947 ,           0.000324 ,             0.000294 , 0.067943
         0 ,    0.103819 ,       0 ,0.103819 ,  32.1421  ,                            0.046969 ,           0.000434 ,             0.000284 , 0.056132
         0 ,    0.26699  ,       0 ,0.26699  ,  46.0416  ,                            0.054692 ,           0.000528 ,             0.000381 , 0.211389
         0 ,    0.568587 ,       0 ,0.568587 ,  83.9828  ,                            0.073677 ,           0.000676 ,             0.000679 , 0.493555
         0 ,    0.129662 ,       0 ,0.129662 ,  31.3137  ,                            0.055993 ,           0.000466 ,             0.000334 , 0.072869
         0 ,    0.622955 ,       0 ,0.622955 , 100.497   ,                            0.08232  ,           0.001011 ,             0.000605 , 0.539019
         0 ,    0.381731 ,       0 ,0.381731 ,  66.2843  ,                            0.069566 ,           0.000601 ,             0.000356 , 0.311208
         0 ,    0.413312 ,       0 ,0.413312 ,  73.3553  ,                            0.073506 ,           0.000636 ,             0.000519 , 0.338651
         0 ,    0.107319 ,       0 ,0.107319 ,  24.0711  ,                            0.047295 ,           0.000252 ,             0.000274 , 0.059498
         0 ,    0.143739 ,       0 ,0.143739 ,  34.1421  ,                            0.050236 ,           0.00057  ,             0.000373 , 0.09256
         0 ,    0.20858  ,       0 ,0.20858  ,  53.6985  ,                            0.060018 ,           0.000696 ,             0.000547 , 0.147319
         0 ,    0.830478 ,       0 ,0.830478 ,  63.3553  ,                            0.082278 ,           0.000891 ,             0.001428 , 0.745881
         0 ,    0.198422 ,       0 ,0.198422 ,  54.1127  ,                            0.071785 ,           0.000624 ,             0.000633 , 0.12538
         0 ,    0.271817 ,       0 ,0.271817 ,  92.8823  ,                            0.089452 ,           0.000717 ,             0.000452 , 0.181196
         0 ,    0.127496 ,       0 ,0.127496 ,  33.3848  ,                            0.047372 ,           0.000486 ,             0.000376 , 0.079262
         0 ,    0.161353 ,       0 ,0.161353 ,  41.1421  ,                            0.061043 ,           0.000498 ,             0.000604 , 0.099208
         0 ,    1.05947  ,       0 ,1.05947  , 101.113   ,                            0.100377 ,           0.000869 ,             0.000706 , 0.95752
         0 ,    0.280545 ,       0 ,0.280545 ,  58.6274  ,                            0.084379 ,           0.000524 ,             0.000351 , 0.195291
         0 ,    0.459067 ,       0 ,0.459067 ,  74.669   ,                            0.081078 ,           0.000694 ,             0.000541 , 0.376754
         0 ,    0.200564 ,       0 ,0.200564 ,  61.9411  ,                            0.065219 ,           0.000656 ,             0.000514 , 0.134175
         0 ,    0.381181 ,       0 ,0.381181 ,  47.2132  ,                            0.065122 ,           0.000553 ,             0.000395 , 0.315111
         0 ,    0.593136 ,       0 ,0.593136 ,  73.598   ,                            0.081814 ,           0.000852 ,             0.000643 , 0.509827
         0 ,    0.215235 ,       0 ,0.215235 ,  71.4558  ,                            0.086112 ,           0.000561 ,             0.000385 , 0.128177
         0 ,    0.242121 ,       0 ,0.242121 ,  62.5269  ,                            0.07595  ,           0.000559 ,             0.000489 , 0.165123
         0 ,    0.178345 ,       0 ,0.178345 ,  50.0416  ,                            0.062376 ,           0.000482 ,             0.000444 , 0.115043
         0 ,    1.16893  ,       0 ,1.16893  ,  79.3553  ,                            0.08022  ,           0.000802 ,             0.000505 , 1.0874
         0 ,    2.45779  ,       0 ,2.45779  , 115.811   ,                            0.108676 ,           0.00102  ,             0.00062  , 2.34748
         0 ,    0.729062 ,       0 ,0.729062 ,  69.5269  ,                            0.073672 ,           0.000622 ,             0.000535 , 0.654233
         0 ,    0.23519  ,       0 ,0.23519  ,  60.1127  ,                            0.06141  ,           0.000677 ,             0.000443 , 0.17266
         0 ,    0.240912 ,       0 ,0.240912 ,  63.799   ,                            0.06924  ,           0.000601 ,             0.00048  , 0.170591
         0 ,    0.635416 ,       0 ,0.635416 ,  70.1127  ,                            0.076975 ,           0.000726 ,             0.000607 , 0.557108
         0 ,    0.600311 ,       0 ,0.600311 ,  69.3553  ,                            0.070522 ,           0.00072  ,             0.000493 , 0.528576
         0 ,    0.140008 ,       0 ,0.140008 ,  44.2843  ,                            0.06329  ,           0.00039  ,             0.000292 , 0.076036
         0 ,    0.180736 ,       0 ,0.180736 ,  53.8701  ,                            0.051989 ,           0.00045  ,             0.000274 , 0.128023
         0 ,    0.11462  ,       0 ,0.11462  ,  35.1421  ,                            0.054327 ,           0.000369 ,             0.000265 , 0.059659
         0 ,    0.19115  ,       0 ,0.19115  ,  52.0416  ,                            0.057504 ,           0.000616 ,             0.000512 , 0.132518
         0 ,    0.317391 ,       0 ,0.317391 ,  81.5563  ,                            0.118095 ,           0.000661 ,             0.000641 , 0.197994
         0 ,    0.191707 ,       0 ,0.191707 ,  48.4558  ,                            0.081465 ,           0.000567 ,             0.000312 , 0.109363
         0 ,    0.286639 ,       0 ,0.286639 ,  56.0416  ,                            0.067532 ,           0.000613 ,             0.000413 , 0.218081
         0 ,    0.202796 ,       0 ,0.202796 ,  57.3553  ,                            0.052843 ,           0.000578 ,             0.000282 , 0.149093
         0 ,    0.157316 ,       0 ,0.157316 ,  40.7279  ,                            0.063667 ,           0.000513 ,             0.000311 , 0.092825
         0 ,    1.1368   ,       0 ,1.1368   ,  99.4975  ,                            0.110337 ,           0.000905 ,             0.000556 , 1.025
         0 ,    0.152348 ,       0 ,0.152348 ,  44.2843  ,                            0.059809 ,           0.000522 ,             0.000296 , 0.091721
         0 ,    0.237804 ,       0 ,0.237804 ,  56.799   ,                            0.069859 ,           0.000605 ,             0.000326 , 0.167014
         0 ,    0.196559 ,       0 ,0.196559 ,  48.9706  ,                            0.080614 ,           0.00068  ,             0.000551 , 0.114714
         0 ,    0.105653 ,       0 ,0.105653 ,  40.3137  ,                            0.052328 ,           0.000356 ,             0.000323 , 0.052646
         0 ,    0.585382 ,       0 ,0.585382 ,  96.1543  ,                            0.074691 ,           0.000615 ,             0.000319 , 0.509757
         0 ,    0.090967 ,       0 ,0.090967 ,  25.4853  ,                            0.050074 ,           0.000289 ,             0.000266 , 0.040338
         0 ,    0.624019 ,       0 ,0.624019 ,  88.7696  ,                            0.097325 ,           0.000878 ,             0.000571 , 0.525245
         0 ,    0.653153 ,       0 ,0.653153 ,  83.4975  ,                            0.086409 ,           0.000754 ,             0.000514 , 0.565476
         0 ,    0.406786 ,       0 ,0.406786 ,  60.5269  ,                            0.0783   ,           0.000734 ,             0.000733 , 0.327019
         0 ,    0.29981  ,       0 ,0.29981  ,  52.2132  ,                            0.056952 ,           0.000565 ,             0.000448 , 0.241845
         0 ,    0.357207 ,       0 ,0.357207 ,  68.9411  ,                            0.052341 ,           0.00059  ,             0.000316 , 0.30396
         0 ,    0.148178 ,       0 ,0.148178 ,  38.6274  ,                            0.066546 ,           0.000485 ,             0.000599 , 0.080548
         0 ,    1.77446  ,       0 ,1.77446  ,  98.9117  ,                            0.088093 ,           0.000948 ,             0.000767 , 1.68465
         0 ,    0.461265 ,       0 ,0.461265 ,  74.2548  ,                            0.068281 ,           0.000861 ,             0.000586 , 0.391537
         0 ,    0.486325 ,       0 ,0.486325 ,  66.5269  ,                            0.076111 ,           0.000628 ,             0.000404 , 0.409182
         0 ,    0.301612 ,       0 ,0.301612 ,  61.2132  ,                            0.066266 ,           0.000603 ,             0.00037  , 0.234373
         0 ,    0.194836 ,       0 ,0.194836 ,  50.2843  ,                            0.04925  ,           0.000529 ,             0.000459 , 0.144598
         0 ,    0.725731 ,       0 ,0.725731 ,  61.1127  ,                            0.069583 ,           0.000831 ,             0.000656 , 0.654661
         0 ,    0.214068 ,       0 ,0.214068 ,  43.6274  ,                            0.06096  ,           0.000479 ,             0.000912 , 0.151717
         0 ,    0.283551 ,       0 ,0.283551 ,  74.7696  ,                            0.063067 ,           0.000815 ,             0.000612 , 0.219057
         0 ,    0.207302 ,       0 ,0.207302 ,  55.1127  ,                            0.065384 ,           0.00066  ,             0.000499 , 0.140759
         0 ,    1.55764  ,       0 ,1.55764  ,  91.2548  ,                            0.066264 ,           0.000888 ,             0.000738 , 1.48975
         0 ,    0.580036 ,       0 ,0.580036 ,  70.7696  ,                            0.084602 ,           0.001015 ,             0.000831 , 0.493588
         0 ,    0.120242 ,       0 ,0.120242 ,  43.4853  ,                            0.065914 ,           0.000452 ,             0.000406 , 0.05347
         0 ,    0.686597 ,       0 ,0.686597 ,  88.0833  ,                            0.09223  ,           0.000838 ,             0.000574 , 0.592955
         0 ,    0.349675 ,       0 ,0.349675 ,  78.9411  ,                            0.069913 ,           0.000777 ,             0.000644 , 0.278341
         0 ,    0.30674  ,       0 ,0.30674  ,  67.9411  ,                            0.063331 ,           0.00063  ,             0.000351 , 0.242428
         0 ,    0.31179  ,       0 ,0.31179  ,  56.4558  ,                            0.057479 ,           0.000554 ,             0.000336 , 0.253421
         0 ,    0.148302 ,       0 ,0.148302 ,  53.1127  ,                            0.068872 ,           0.00049  ,             0.000307 , 0.078633
         0 ,    0.192464 ,       0 ,0.192464 ,  47.799   ,                            0.065544 ,           0.000502 ,             0.000322 , 0.126096
         0 ,    0.190784 ,       0 ,0.190784 ,  56.0416  ,                            0.058617 ,           0.000671 ,             0.000396 , 0.1311
         0 ,    0.12635  ,       0 ,0.12635  ,  40.1421  ,                            0.04671  ,           0.000412 ,             0.000275 , 0.078953
         0 ,    0.326182 ,       0 ,0.326182 ,  53.799   ,                            0.056104 ,           0.000569 ,             0.000542 , 0.268967
         0 ,    0.536924 ,       0 ,0.536924 ,  69.8406  ,                            0.060979 ,           0.000641 ,             0.000476 , 0.474828
         0 ,    0.134641 ,       0 ,0.134641 ,  48.5563  ,                            0.063911 ,           0.000481 ,             0.000329 , 0.06992
         0 ,    0.677091 ,       0 ,0.677091 ,  69.3553  ,                            0.149164 ,           0.00153  ,             0.001389 , 0.525008
         0 ,    0.607346 ,       0 ,0.607346 ,  82.1127  ,                            0.075968 ,           0.000827 ,             0.001047 , 0.529504
         0 ,    0.504663 ,       0 ,0.504663 ,  63.1127  ,                            0.09188  ,           0.000904 ,             0.000775 , 0.411104
         0 ,    0.132869 ,       0 ,0.132869 ,  45.6274  ,                            0.043505 ,           0.000577 ,             0.000438 , 0.088349
         0 ,    0.115165 ,       0 ,0.115165 ,  38.1421  ,                            0.04164  ,           0.000399 ,             0.000272 , 0.072854
         0 ,    0.239329 ,       0 ,0.239329 ,  82.3553  ,                            0.068094 ,           0.000802 ,             0.000529 , 0.169904
         0 ,    0.24466  ,       0 ,0.24466  ,  59.6985  ,                            0.062097 ,           0.00062  ,             0.000471 , 0.181472
         0 ,    0.113921 ,       0 ,0.113921 ,  40.1421  ,                            0.054364 ,           0.000404 ,             0.000295 , 0.058858
         0 ,    3.06181  ,       0 ,3.06181  ,  99.0833  ,                            0.169018 ,           0.001186 ,             0.001107 , 2.8905
         0 ,    0.111892 ,       0 ,0.111892 ,  24.1421  ,                            0.046661 ,           0.000578 ,             0.000837 , 0.063816
         0 ,    0.175581 ,       0 ,0.175581 ,  49.4558  ,                            0.062923 ,           0.000597 ,             0.000531 , 0.11153
         0 ,    0.111581 ,       0 ,0.111581 ,  38.9706  ,                            0.049776 ,           0.0004   ,             0.00055  , 0.060855
         0 ,    0.177599 ,       0 ,0.177599 ,  51.8701  ,                            0.065778 ,           0.000568 ,             0.000403 , 0.11085
         0 ,    0.098058 ,       0 ,0.098058 ,  34.7279  ,                            0.044837 ,           0.000412 ,             0.0003   , 0.052509
         0 ,    0.622174 ,       0 ,0.622174 ,  67.3553  ,                            0.065849 ,           0.000749 ,             0.00053  , 0.555046
         0 ,    0.392397 ,       0 ,0.392397 ,  56.8701  ,                            0.062905 ,           0.000767 ,             0.000565 , 0.32816
         0 ,    0.510874 ,       0 ,0.510874 ,  51.2132  ,                            0.078687 ,           0.000593 ,             0.000461 , 0.431133
         0 ,    0.107295 ,       0 ,0.107295 ,  30.1421  ,                            0.051518 ,           0.000416 ,             0.000283 , 0.055078
         0 ,    4.22635  ,       0 ,4.22635  , 130.368   ,                            0.103473 ,           0.001189 ,             0.000672 , 4.12102
         0 ,    0.144317 ,       0 ,0.144317 ,  31.8995  ,                            0.060668 ,           0.00036  ,             0.000528 , 0.082761
         0 ,    1.08792  ,       0 ,1.08792  ,  78.5269  ,                            0.080675 ,           0.000765 ,             0.000564 , 1.00591
         0 ,    0.155699 ,       0 ,0.155699 ,  46.6274  ,                            0.06118  ,           0.000647 ,             0.000318 , 0.093554
         0 ,    0.251179 ,       0 ,0.251179 ,  53.799   ,                            0.078151 ,           0.000545 ,             0.000355 , 0.172128
         0 ,    0.270605 ,       0 ,0.270605 ,  69.9411  ,                            0.083728 ,           0.000799 ,             0.000757 , 0.185321
         0 ,    0.674981 ,       0 ,0.674981 ,  69.7696  ,                            0.070824 ,           0.000751 ,             0.000561 , 0.602845
         0 ,    0.486998 ,       0 ,0.486998 ,  76.2843  ,                            0.091201 ,           0.00069  ,             0.00048  , 0.394627
         0 ,    0.093002 ,       0 ,0.093002 ,  31.8995  ,                            0.041067 ,           0.000355 ,             0.000254 , 0.051326
         0 ,    0.634457 ,       0 ,0.634457 ,  72.3553  ,                            0.057615 ,           0.000699 ,             0.00066  , 0.575483
         0 ,    0.696502 ,       0 ,0.696502 ,  65.4558  ,                            0.074141 ,           0.000621 ,             0.00055  , 0.62119
         0 ,    0.155843 ,       0 ,0.155843 ,  43.799   ,                            0.061476 ,           0.000579 ,             0.000455 , 0.093333
         0 ,    0.615113 ,       0 ,0.615113 ,  68.598   ,                            0.069065 ,           0.000744 ,             0.000582 , 0.544722
         0 ,    0.223649 ,       0 ,0.223649 ,  42.5563  ,                            0.1093   ,           0.000652 ,             0.000816 , 0.112881
         0 ,    0.667124 ,       0 ,0.667124 ,  84.5269  ,                            0.080637 ,           0.000877 ,             0.000575 , 0.585035
         0 ,    0.349497 ,       0 ,0.349497 ,  46.6274  ,                            0.055791 ,           0.000704 ,             0.000324 , 0.292678
         0 ,    0.885781 ,       0 ,0.885781 ,  83.1127  ,                            0.081538 ,           0.000855 ,             0.000654 , 0.802734
         0 ,    2.08016  ,       0 ,2.08016  ,  99.4975  ,                            0.100827 ,           0.001108 ,             0.000668 , 1.97756
         0 ,    0.255713 ,       0 ,0.255713 ,  54.8701  ,                            0.086417 ,           0.00065  ,             0.000411 , 0.168235
         0 ,    0.127973 ,       0 ,0.127973 ,  54.7696  ,                            0.046931 ,           0.000612 ,             0.00041  , 0.08002
         0 ,    0.332004 ,       0 ,0.332004 ,  81.2548  ,                            0.075575 ,           0.000923 ,             0.000598 , 0.254908
         0 ,    0.481195 ,       0 ,0.481195 ,  56.7696  ,                            0.069828 ,           0.000755 ,             0.000534 , 0.410078
         0 ,    0.480788 ,       0 ,0.480788 ,  64.3553  ,                            0.070713 ,           0.001096 ,             0.000818 , 0.408161
         0 ,    1.50079  ,       0 ,1.50079  , 130.225   ,                            0.120669 ,           0.001071 ,             0.000841 , 1.3782
         0 ,    0.200573 ,       0 ,0.200573 ,  60.7696  ,                            0.061386 ,           0.000749 ,             0.000825 , 0.137613
         0 ,    0.149827 ,       0 ,0.149827 ,  35.5563  ,                            0.058373 ,           0.000451 ,             0.000586 , 0.090417
         0 ,    0.388269 ,       0 ,0.388269 ,  80.669   ,                            0.072842 ,           0.000961 ,             0.000771 , 0.313695
         0 ,    0.188035 ,       0 ,0.188035 ,  48.3848  ,                            0.065548 ,           0.000656 ,             0.000327 , 0.121504
         0 ,    0.39646  ,       0 ,0.39646  ,  58.0416  ,                            0.059941 ,           0.000598 ,             0.000429 , 0.335492
         0 ,    0.665181 ,       0 ,0.665181 ,  61.2843  ,                            0.12269  ,           0.000792 ,             0.001264 , 0.540435
         0 ,    0.213307 ,       0 ,0.213307 ,  64.6985  ,                            0.078708 ,           0.000703 ,             0.000651 , 0.133245
         0 ,    0.168886 ,       0 ,0.168886 ,  43.2132  ,                            0.062285 ,           0.000655 ,             0.000271 , 0.105675
         0 ,    0.139871 ,       0 ,0.139871 ,  35.9706  ,                            0.056884 ,           0.000451 ,             0.011737 , 0.070799
         0 ,    0.919922 ,       0 ,0.919922 ,  66.5269  ,                            0.147706 ,           0.000814 ,             0.00047  , 0.770932
         0 ,    0.519506 ,       0 ,0.519506 ,  82.4975  ,                            0.091779 ,           0.001014 ,             0.000791 , 0.425922
         0 ,    0.527594 ,       0 ,0.527594 ,  66.598   ,                            0.077536 ,           0.000771 ,             0.000646 , 0.448641
         0 ,    0.226751 ,       0 ,0.226751 ,  67.669   ,                            0.083877 ,           0.000648 ,             0.000599 , 0.141627
         0 ,    0.156586 ,       0 ,0.156586 ,  36.799   ,                            0.060282 ,           0.000561 ,             0.000618 , 0.095125
         0 ,    0.747753 ,       0 ,0.747753 , 102.782   ,                            0.0896   ,           0.000679 ,             0.000417 , 0.657057
         0 ,    1.38566  ,       0 ,1.38566  ,  77.598   ,                            0.089815 ,           0.00087  ,             0.000517 , 1.29446
         0 ,    0.143061 ,       0 ,0.143061 ,  53.7279  ,                            0.068171 ,           0.000413 ,             0.000265 , 0.074212
         0 ,    0.583466 ,       0 ,0.583466 ,  67.6985  ,                            0.064535 ,           0.000758 ,             0.000619 , 0.517554
         0 ,    0.333456 ,       0 ,0.333456 ,  63.0416  ,                            0.133703 ,           0.000633 ,             0.000559 , 0.198561
         0 ,    0.247307 ,       0 ,0.247307 ,  55.7696  ,                            0.065747 ,           0.000672 ,             0.000429 , 0.180459
         0 ,    0.211693 ,       0 ,0.211693 ,  62.2843  ,                            0.076139 ,           0.000709 ,             0.000391 , 0.134454
         0 ,    0.144156 ,       0 ,0.144156 ,  36.6274  ,                            0.04274  ,           0.000537 ,             0.000324 , 0.100555
         0 ,    0.242091 ,       0 ,0.242091 ,  74.6985  ,                            0.079118 ,           0.000779 ,             0.000819 , 0.161375
         0 ,    0.233418 ,       0 ,0.233418 ,  57.4558  ,                            0.078081 ,           0.000842 ,             0.000573 , 0.153922
         0 ,    0.166449 ,       0 ,0.166449 ,  44.2132  ,                            0.066161 ,           0.000608 ,             0.000359 , 0.099321
         0 ,    0.152258 ,       0 ,0.152258 ,  68.799   ,                            0.067932 ,           0.000491 ,             0.00036  , 0.083475
         0 ,    0.294114 ,       0 ,0.294114 ,  75.3553  ,                            0.09602  ,           0.000791 ,             0.000652 , 0.196651
         0 ,    0.243918 ,       0 ,0.243918 ,  65.9411  ,                            0.085836 ,           0.000764 ,             0.000434 , 0.156884
         0 ,    0.176783 ,       0 ,0.176783 ,  62.9706  ,                            0.085258 ,           0.000491 ,             0.000293 , 0.090741
         0 ,    0.170854 ,       0 ,0.170854 ,  38.7279  ,                            0.054525 ,           0.000552 ,             0.000759 , 0.115018
         0 ,    0.68874  ,       0 ,0.68874  ,  76.1127  ,                            0.087683 ,           0.000715 ,             0.000632 , 0.59971
         0 ,    1.49171  ,       0 ,1.49171  ,  65.1838  ,                            0.076343 ,           0.000956 ,             0.001092 , 1.41332
         0 ,    1.2951   ,       0 ,1.2951   ,  79.2548  ,                            0.087058 ,           0.000877 ,             0.000558 , 1.20661
         0 ,    0.251487 ,       0 ,0.251487 ,  64.9411  ,                            0.078673 ,           0.000664 ,             0.000412 , 0.171738
         0 ,    0.312913 ,       0 ,0.312913 ,  58.799   ,                            0.080107 ,           0.000628 ,             0.000435 , 0.231743
         0 ,    0.140917 ,       0 ,0.140917 ,  42.0416  ,                            0.054351 ,           0.000472 ,             0.000315 , 0.085779
         0 ,    0.126657 ,       0 ,0.126657 ,  48.7279  ,                            0.058978 ,           0.000445 ,             0.000371 , 0.066863
         0 ,    0.271805 ,       0 ,0.271805 ,  54.2843  ,                            0.057906 ,           0.000652 ,             0.000328 , 0.212919
         0 ,    0.243812 ,       0 ,0.243812 ,  39.9706  ,                            0.063291 ,           0.000554 ,             0.000526 , 0.179441
         0 ,    0.225446 ,       0 ,0.225446 ,  39.799   ,                            0.052265 ,           0.000586 ,             0.000344 , 0.172251
         0 ,    0.596937 ,       0 ,0.596937 ,  65.6274  ,                            0.089456 ,           0.000717 ,             0.000529 , 0.506235
         0 ,    0.147601 ,       0 ,0.147601 ,  41.799   ,                            0.063906 ,           0.000543 ,             0.000353 , 0.082799
         0 ,    0.654191 ,       0 ,0.654191 ,  72.5269  ,                            0.086494 ,           0.000828 ,             0.000663 , 0.566206
         0 ,    0.202614 ,       0 ,0.202614 ,  64.4558  ,                            0.075281 ,           0.000647 ,             0.000418 , 0.126268
         0 ,    0.187793 ,       0 ,0.187793 ,  49.799   ,                            0.078914 ,           0.000556 ,             0.000463 , 0.10786
         0 ,    0.173328 ,       0 ,0.173328 ,  44.6274  ,                            0.069474 ,           0.000774 ,             0.000735 , 0.102345
         0 ,    0.20874  ,       0 ,0.20874  ,  65.1127  ,                            0.070518 ,           0.000735 ,             0.00063  , 0.136857
         0 ,    0.239921 ,       0 ,0.239921 ,  31.9706  ,                            0.095027 ,           0.000715 ,             0.000827 , 0.143352
         0 ,    0.216723 ,       0 ,0.216723 ,  51.2843  ,                            0.065316 ,           0.000637 ,             0.000374 , 0.150396
         0 ,    0.329043 ,       0 ,0.329043 ,  57.0416  ,                            0.057462 ,           0.000656 ,             0.000501 , 0.270424
         0 ,    0.304726 ,       0 ,0.304726 ,  46.0416  ,                            0.047384 ,           0.000622 ,             0.00032  , 0.2564
         0 ,    0.311671 ,       0 ,0.311671 ,  70.1127  ,                            0.072145 ,           0.000779 ,             0.000545 , 0.238202
         0 ,    0.461497 ,       0 ,0.461497 ,  65.3553  ,                            0.073474 ,           0.000687 ,             0.000547 , 0.386789
         0 ,    0.136517 ,       0 ,0.136517 ,  45.0416  ,                            0.066371 ,           0.000477 ,             0.000572 , 0.069097
         0 ,    0.095822 ,       0 ,0.095822 ,  34.3848  ,                            0.051464 ,           0.000251 ,             0.000252 , 0.043855
         0 ,    0.119297 ,       0 ,0.119297 ,  39.3848  ,                            0.055383 ,           0.000329 ,             0.000277 , 0.063308
         0 ,    0.937376 ,       0 ,0.937376 , 103.782   ,                            0.093708 ,           0.000752 ,             0.000545 , 0.842371
         0 ,    0.296543 ,       0 ,0.296543 ,  68.0416  ,                            0.05939  ,           0.000666 ,             0.000332 , 0.236155
         0 ,    0.167569 ,       0 ,0.167569 ,  41.799   ,                            0.056941 ,           0.000566 ,             0.000467 , 0.109595
         0 ,    0.204871 ,       0 ,0.204871 ,  63.799   ,                            0.074256 ,           0.000553 ,             0.00028  , 0.129782
         0 ,    0.515737 ,       0 ,0.515737 ,  71.7696  ,                            0.090097 ,           0.000692 ,             0.000619 , 0.424329
         0 ,    0.453372 ,       0 ,0.453372 ,  54.6985  ,                            0.063858 ,           0.000894 ,             0.000881 , 0.387739
         0 ,    0.108917 ,       0 ,0.108917 ,  32.0416  ,                            0.047966 ,           0.000372 ,             0.000308 , 0.060271
         0 ,    0.563527 ,       0 ,0.563527 ,  70.9411  ,                            0.066928 ,           0.000783 ,             0.000502 , 0.495314
         0 ,    0.681194 ,       0 ,0.681194 ,  84.0833  ,                            0.085404 ,           0.000794 ,             0.000606 , 0.59439
         0 ,    0.135236 ,       0 ,0.135236 ,  39.5563  ,                            0.059952 ,           0.00049  ,             0.000334 , 0.07446
         0 ,    0.713345 ,       0 ,0.713345 ,  79.9117  ,                            0.079792 ,           0.000768 ,             0.000594 , 0.632191
         0 ,    0.415263 ,       0 ,0.415263 ,  68.1838  ,                            0.075455 ,           0.00063  ,             0.000397 , 0.338781
         0 ,    0.573562 ,       0 ,0.573562 ,  64.4264  ,                            0.07461  ,           0.000864 ,             0.000504 , 0.497584
         0 ,    0.278993 ,       0 ,0.278993 ,  58.5563  ,                            0.145631 ,           0.000884 ,             0.001163 , 0.131315
         0 ,    0.130591 ,       0 ,0.130591 ,  26.7279  ,                            0.050036 ,           0.000418 ,             0.000331 , 0.079806
         0 ,    0.147723 ,       0 ,0.147723 ,  44.6985  ,                            0.055637 ,           0.000558 ,             0.00041  , 0.091118
         0 ,    0.38105  ,       0 ,0.38105  ,  69.8701  ,                            0.075201 ,           0.000757 ,             0.000533 , 0.304559
         0 ,    0.141353 ,       0 ,0.141353 ,  45.799   ,                            0.053696 ,           0.000581 ,             0.000298 , 0.086778
         0 ,    0.325118 ,       0 ,0.325118 ,  52.2132  ,                            0.05375  ,           0.000665 ,             0.000388 , 0.270315
         0 ,    0.433945 ,       0 ,0.433945 ,  58.2843  ,                            0.071329 ,           0.000766 ,             0.000581 , 0.361269
         0 ,    0.639429 ,       0 ,0.639429 ,  78.4558  ,                            0.089809 ,           0.000763 ,             0.000577 , 0.54828
         0 ,    0.177106 ,       0 ,0.177106 ,  47.799   ,                            0.045311 ,           0.000537 ,             0.000318 , 0.13094
         0 ,    0.144354 ,       0 ,0.144354 ,  39.3848  ,                            0.056127 ,           0.00045  ,             0.0004   , 0.087377
         0 ,    0.584359 ,       0 ,0.584359 ,  64.5269  ,                            0.0571   ,           0.000648 ,             0.000503 , 0.526108
         0 ,    0.858551 ,       0 ,0.858551 ,  76.5269  ,                            0.088937 ,           0.000782 ,             0.000714 , 0.768118
         0 ,    0.945936 ,       0 ,0.945936 ,  78.598   ,                            0.080802 ,           0.000796 ,             0.000585 , 0.863753
         0 ,    1.02736  ,       0 ,1.02736  ,  77.3553  ,                            0.091142 ,           0.000876 ,             0.000558 , 0.934785
         0 ,    0.138172 ,       0 ,0.138172 ,  32.1421  ,                            0.053201 ,           0.000526 ,             0.000307 , 0.084138
         0 ,    0.423847 ,       0 ,0.423847 ,  61.6985  ,                            0.064196 ,           0.000621 ,             0.00037  , 0.35866
         0 ,    0.140738 ,       0 ,0.140738 ,  47.1421  ,                            0.073144 ,           0.000468 ,             0.000502 , 0.066624
         0 ,    1.20313  ,       0 ,1.20313  ,  80.598   ,                            0.089391 ,           0.000844 ,             0.000656 , 1.11224
         0 ,    0.148344 ,       0 ,0.148344 ,  54.7696  ,                            0.059656 ,           0.000512 ,             0.000404 , 0.087772
         0 ,    0.1562   ,       0 ,0.1562   ,  52.2132  ,                            0.060258 ,           0.000632 ,             0.000405 , 0.094905
         0 ,    0.504565 ,       0 ,0.504565 ,  75.9117  ,                            0.076113 ,           0.000729 ,             0.000615 , 0.427108
         0 ,    0.233902 ,       0 ,0.233902 ,  77.3553  ,                            0.071164 ,           0.000704 ,             0.000649 , 0.161385
         0 ,    0.381635 ,       0 ,0.381635 ,  76.598   ,                            0.089661 ,           0.000956 ,             0.000767 , 0.290251
         0 ,    0.095694 ,       0 ,0.095694 ,  30.3137  ,                            0.053036 ,           0.000302 ,             0.000561 , 0.041795
         0 ,    0.84469  ,       0 ,0.84469  ,  84.0833  ,                            0.085172 ,           0.000854 ,             0.000662 , 0.758002
         0 ,    0.546674 ,       0 ,0.546674 ,  84.669   ,                            0.082486 ,           0.000768 ,             0.000646 , 0.462774
         0 ,    0.383968 ,       0 ,0.383968 ,  65.8701  ,                            0.077435 ,           0.000634 ,             0.000444 , 0.305455
         0 ,    0.138448 ,       0 ,0.138448 ,  33.7279  ,                            0.053119 ,           0.00057  ,             0.00044  , 0.084319
         0 ,    1.14441  ,       0 ,1.14441  ,  90.397   ,                            0.062127 ,           0.000872 ,             0.000651 , 1.08076
         0 ,    1.24699  ,       0 ,1.24699  ,  84.1543  ,                            0.05939  ,           0.000652 ,             0.000398 , 1.18655
         0 ,    0.196313 ,       0 ,0.196313 ,  45.4558  ,                            0.057313 ,           0.000505 ,             0.000303 , 0.138192
         0 ,    0.933539 ,       0 ,0.933539 ,  81.598   ,                            0.0752   ,           0.000862 ,             0.00055  , 0.856927
         0 ,    0.31175  ,       0 ,0.31175  ,  73.2548  ,                            0.08573  ,           0.000851 ,             0.000899 , 0.22427
         0 ,    0.136081 ,       0 ,0.136081 ,  41.2132  ,                            0.04931  ,           0.000485 ,             0.000399 , 0.085887
         0 ,    0.126937 ,       0 ,0.126937 ,  42.799   ,                            0.050813 ,           0.000482 ,             0.000258 , 0.075384
         0 ,    0.113189 ,       0 ,0.113189 ,  53.3137  ,                            0.054575 ,           0.000366 ,             0.000275 , 0.057973
         0 ,    0.116385 ,       0 ,0.116385 ,  47.0416  ,                            0.039474 ,           0.000482 ,             0.000307 , 0.076122
         0 ,    1.8392   ,       0 ,1.8392   , 120.669   ,                            0.096607 ,           0.000752 ,             0.000434 , 1.74141
         0 ,    0.261989 ,       0 ,0.261989 ,  41.6274  ,                            0.064644 ,           0.000512 ,             0.000405 , 0.196428
         0 ,    0.480568 ,       0 ,0.480568 ,  84.0833  ,                            0.086963 ,           0.000747 ,             0.000657 , 0.392201
         0 ,    1.33255  ,       0 ,1.33255  ,  79.2548  ,                            0.089411 ,           0.001013 ,             0.00078  , 1.24135
         0 ,    0.383416 ,       0 ,0.383416 ,  66.0416  ,                            0.090827 ,           0.000675 ,             0.000776 , 0.291138
         0 ,    1.0043   ,       0 ,1.0043   ,  84.0833  ,                            0.087402 ,           0.000771 ,             0.000878 , 0.915247
         0 ,    0.609086 ,       0 ,0.609086 ,  95.0122  ,                            0.107993 ,           0.000927 ,             0.000715 , 0.499451
         0 ,    0.183218 ,       0 ,0.183218 ,  55.799   ,                            0.071147 ,           0.000611 ,             0.000401 , 0.111059
         0 ,    0.998573 ,       0 ,0.998573 ,  85.9117  ,                            0.073344 ,           0.000781 ,             0.000459 , 0.923989
         0 ,    0.132849 ,       0 ,0.132849 ,  39.5563  ,                            0.055243 ,           0.000396 ,             0.000299 , 0.076911
         0 ,    0.648427 ,       0 ,0.648427 , 105.941   ,                            0.093132 ,           0.000744 ,             0.000514 , 0.554037
         0 ,    0.088827 ,       0 ,0.088827 ,  25.0711  ,                            0.045664 ,           0.000291 ,             0.000261 , 0.042611
         0 ,    0.110898 ,       0 ,0.110898 ,  18.8995  ,                            0.045084 ,           0.000285 ,             0.000223 , 0.065306
         0 ,    3.87618  ,       0 ,3.87618  , 132.912   ,                            0.110993 ,           0.000893 ,             0.000593 , 3.7637
         0 ,    0.199714 ,       0 ,0.199714 ,  45.799   ,                            0.055157 ,           0.000822 ,             0.000882 , 0.142853
         0 ,    0.130245 ,       0 ,0.130245 ,  36.7279  ,                            0.057307 ,           0.00048  ,             0.000391 , 0.072067
         0 ,    0.53825  ,       0 ,0.53825  ,  59.0416  ,                            0.075257 ,           0.000721 ,             0.00064  , 0.461632
         0 ,    1.03456  ,       0 ,1.03456  ,  86.5269  ,                            0.090417 ,           0.00084  ,             0.000498 , 0.942804
         0 ,    1.20456  ,       0 ,1.20456  ,  82.8406  ,                            0.102421 ,           0.001018 ,             0.000883 , 1.10024
         0 ,    0.511202 ,       0 ,0.511202 ,  66.3553  ,                            0.079604 ,           0.000731 ,             0.000636 , 0.430231
         0 ,    0.293082 ,       0 ,0.293082 ,  77.4975  ,                            0.086399 ,           0.000951 ,             0.000748 , 0.204984
         0 ,    1.44398  ,       0 ,1.44398  ,  83.1838  ,                            0.098873 ,           0.001105 ,             0.000907 , 1.3431
         0 ,    0.166306 ,       0 ,0.166306 ,  51.2843  ,                            0.043224 ,           0.000641 ,             0.000456 , 0.121985
         0 ,    0.154408 ,       0 ,0.154408 ,  47.0416  ,                            0.041888 ,           0.000492 ,             0.000393 , 0.111635
         0 ,    0.204838 ,       0 ,0.204838 ,  71.2548  ,                            0.065214 ,           0.000494 ,             0.000286 , 0.138844
         0 ,    0.776453 ,       0 ,0.776453 ,  73.4264  ,                            0.081207 ,           0.000622 ,             0.000577 , 0.694047
         0 ,    0.141173 ,       0 ,0.141173 ,  59.3553  ,                            0.065589 ,           0.000489 ,             0.000316 , 0.074779
         0 ,    0.452947 ,       0 ,0.452947 ,  64.4558  ,                            0.082676 ,           0.000665 ,             0.000414 , 0.369192
         0 ,    1.22308  ,       0 ,1.22308  , 111.527   ,                            0.095243 ,           0.0007   ,             0.000426 , 1.12671
         0 ,    0.455212 ,       0 ,0.455212 ,  79.1127  ,                            0.078303 ,           0.000815 ,             0.000352 , 0.375742
         0 ,    0.301346 ,       0 ,0.301346 ,  79.3259  ,                            0.080331 ,           0.000653 ,             0.000348 , 0.220014
         0 ,    1.046    ,       0 ,1.046    ,  72.7696  ,                            0.073034 ,           0.000838 ,             0.000511 , 0.97162
         0 ,    0.289084 ,       0 ,0.289084 ,  89.8823  ,                            0.138158 ,           0.000646 ,             0.000553 , 0.149727
         0 ,    0.182955 ,       0 ,0.182955 ,  56.7696  ,                            0.076395 ,           0.000634 ,             0.000328 , 0.105598
         0 ,    0.382429 ,       0 ,0.382429 ,  92.8406  ,                            0.096955 ,           0.000931 ,             0.000593 , 0.28395
         0 ,    0.151516 ,       0 ,0.151516 ,  54.9411  ,                            0.063375 ,           0.000559 ,             0.000381 , 0.087201
         0 ,    0.169197 ,       0 ,0.169197 ,  45.0416  ,                            0.050393 ,           0.000396 ,             0.000401 , 0.118007
         0 ,    0.728409 ,       0 ,0.728409 ,  58.9411  ,                            0.067176 ,           0.000819 ,             0.000671 , 0.659743
         0 ,    0.403811 ,       0 ,0.403811 ,  74.1838  ,                            0.055395 ,           0.000722 ,             0.000468 , 0.347226
         0 ,    1.02705  ,       0 ,1.02705  ,  86.5269  ,                            0.083278 ,           0.000792 ,             0.000614 , 0.942366
         0 ,    0.271833 ,       0 ,0.271833 ,  50.799   ,                            0.060531 ,           0.000587 ,             0.000375 , 0.21034
         0 ,    0.211108 ,       0 ,0.211108 ,  60.9411  ,                            0.062522 ,           0.000719 ,             0.000507 , 0.14736
         0 ,    1.74083  ,       0 ,1.74083  ,  54.3848  ,                            0.062763 ,           0.000716 ,             0.000487 , 1.67686
         0 ,    0.124369 ,       0 ,0.124369 ,  46.2843  ,                            0.050407 ,           0.000452 ,             0.000293 , 0.073217
         0 ,    0.128369 ,       0 ,0.128369 ,  44.5563  ,                            0.057426 ,           0.000454 ,             0.000334 , 0.070155
         0 ,    0.425485 ,       0 ,0.425485 ,  79.1127  ,                            0.052669 ,           0.000491 ,             0.000475 , 0.37185
         0 ,    0.198255 ,       0 ,0.198255 ,  62.9411  ,                            0.059076 ,           0.000541 ,             0.000396 , 0.138242
         0 ,    0.418745 ,       0 ,0.418745 ,  70.2132  ,                            0.085082 ,           0.000636 ,             0.000379 , 0.332648
         0 ,    0.125712 ,       0 ,0.125712 ,  34.799   ,                            0.051124 ,           0.000486 ,             0.000331 , 0.073771
         0 ,    0.136953 ,       0 ,0.136953 ,  57.2843  ,                            0.049919 ,           0.000499 ,             0.000305 , 0.08623
         0 ,    0.315169 ,       0 ,0.315169 ,  66.1838  ,                            0.063445 ,           0.000694 ,             0.000742 , 0.250288
         0 ,    0.243261 ,       0 ,0.243261 ,  47.2132  ,                            0.056947 ,           0.000548 ,             0.000347 , 0.185419
         0 ,    0.759469 ,       0 ,0.759469 ,  74.1838  ,                            0.077656 ,           0.000787 ,             0.000508 , 0.680518
         0 ,    0.128229 ,       0 ,0.128229 ,  40.6274  ,                            0.051271 ,           0.000502 ,             0.000356 , 0.0761
         0 ,    0.394304 ,       0 ,0.394304 ,  67.6985  ,                            0.057128 ,           0.000547 ,             0.00055  , 0.336079
         0 ,    0.576256 ,       0 ,0.576256 ,  82.8406  ,                            0.074963 ,           0.000632 ,             0.000574 , 0.500087
         0 ,    0.12784  ,       0 ,0.12784  ,  43.799   ,                            0.058158 ,           0.000477 ,             0.000374 , 0.068831
         0 ,    0.143396 ,       0 ,0.143396 ,  53.799   ,                            0.068506 ,           0.000442 ,             0.000316 , 0.074132
         0 ,    0.141361 ,       0 ,0.141361 ,  50.3848  ,                            0.049278 ,           0.000515 ,             0.000338 , 0.09123
         0 ,    0.087924 ,       0 ,0.087924 ,  30.8995  ,                            0.040256 ,           0.000311 ,             0.000532 , 0.046825
         0 ,    0.51534  ,       0 ,0.51534  ,  78.6985  ,                            0.093693 ,           0.000567 ,             0.000465 , 0.420615
         0 ,    0.146159 ,       0 ,0.146159 ,  63.1421  ,                            0.067566 ,           0.000453 ,             0.000359 , 0.077781
         0 ,    0.39198  ,       0 ,0.39198  ,  46.8701  ,                            0.082118 ,           0.000613 ,             0.000498 , 0.308751
         0 ,    1.40139  ,       0 ,1.40139  ,  97.1838  ,                            0.104921 ,           0.000744 ,             0.000758 , 1.29497
         0 ,    0.756902 ,       0 ,0.756902 ,  79.0122  ,                            0.062564 ,           0.000721 ,             0.000878 , 0.692739
         0 ,    0.365415 ,       0 ,0.365415 ,  95.2132  ,                            0.085152 ,           0.000576 ,             0.000299 , 0.279388
         0 ,    0.97313  ,       0 ,0.97313  ,  87.9828  ,                            0.071449 ,           0.000674 ,             0.000502 , 0.900505
